measured_at;28;29;30;36;37;38;39;40;41;42;43;73;74;76;116;149;150;151;152;157;196;197;198;199;200;201;213;222;225;231;233;234;235;237;238;270;271;295;298;301;302;303;304;305;307;308;346;347;348;378;380;385;387;390;391;393;394;395;396;397;398;399;400;401;402;403;404;405;447;450;459;460;466;468;469;538;541;542;561;570;573;577;580;581;582;583;585;586;622;623;624;625;626;657;658;659;682;691;692;693;694;695;697;698;705;706;707;708;709;738;740;741
2024-10-01 00:00:00+00:00;4,73695262132083;0,10057605783622577;0,6214574898174926;0,3415428365977002;0,10780170619856402;0,4410926662892387;0,10989298948383103;0,11258805959910638;0,5302368082595017;0,10065426496115765;0,3284854313563288;0,45748391969917146;4,659745292451804;0,6963603411178224;0,7111185259463054;0,5418374592624201;4,606443659159832;0,12459969015977186;1,153057981576437;0,10071044948169437;0,12070292748346031;0,38417120687241935;2,463572309246026;0,11568688419847767;0,4743395371431525;0,09789045277458785;0,4704555988830876;0,3622372814951025;0,31477148240229297;0,10990270511061345;2,2981418875162523;0,11089985866667457;0,6462103449273016;0,07218373811198078;0,4856846555161343;0,09884675822431764;0,5199720159187181;0,22647087833557272;0,10241417691682181;0,10319817434127765;0,598352781948088;5,4966160151415995;0,11362957968990336;1,4233619567771616;0,08331801115536147;0,49167962967086987;0,10556259819671325;0,10216497999924493;0,5204890792514487;5,530352805648087;0,6798147110435295;0,43530958574309014;0,35091065152651624;0,312858427322348;2,7333488179976455;0,3422040654775288;2,5338678501368674;2,4658346281943135;0,10164364419914398;0,35942255859151784;0,1046816851626733;0,3542410383660643;3,1875624286403075;0,10408845089508656;0,4350091018508105;2,5640518219320874;0,09268355487646023;0,35824262122710154;0,1085086333199573;0,10941742783107944;0,10310141707533754;0,39552904855521165;0,3380994429291765;0,10797578204584056;0,6586959512639158;0,29913359037614023;0,09924307598276234;0,6012048240167746;0,40491483454621596;0,4255221946226818;0,23976855034484565;0,6073871276313847;0,5921222370204264;2,2326648890080487;0,11709655886636625;0,6854224923667203;0,07805565511596137;0,4989526882661685;0,11231063342598085;0,3839773424623594;0,10432884969077348;0,4814542047190023;0,088823767975273;5,296787061287507;0,1138309036535153;0,7168287901390333;0,471495739963201;0,10823266376344966;0,5913075799783527;5,332710593927676;0,10226372492122734;0,7011565081387172;0,07021224752486768;0,4773910842763408;0,10821453024685673;0,3392968656080623;0,09818320443563662;0,3981455461595006;0,0929758058593931;0,5805365208530622;0,06736777775734956;0,45945864349741233
2024-10-01 01:00:00+00:00;4,501103083621099;0,10159877470609698;0,6159252875330836;0,3502706693063081;0,10926294443972603;0,45962692992118576;0,11017069737702403;0,11154119129049941;0,5264650445317867;0,10100845872921546;0,33688672231018685;0,4653451229673614;4,436641122006314;0,7326893275762685;0,7213287218435143;0,520197044330388;4,456815071913562;0,12446591990786586;1,1598683107907268;0,09842897737854087;0,1180955910470893;0,37935086160017034;2,2932827785687855;0,11259396895370867;0,4508677069853696;0,10109343568121636;0,4685735969356265;0,37008826852185056;0,3201635226494076;0,11179723989777846;2,1803537011160325;0,10925272736933554;0,6437953605406108;0,07326427148473068;0,5308143254317793;0,09621561206763715;0,506819484754063;0,24210315849816477;0,10724638241961051;0,10132402439252286;0,598189450230645;5,18180213242024;0,11465277203405837;1,3994276613774106;0,08619160440231477;0,5141763194344189;0,10853441282722924;0,10125197520429272;0,5043882060617008;5,114113990050917;0,6851170515920146;0,4383555686553111;0,38175860198265993;0,29231227130473997;2,6852765458693555;0,3430304237635847;2,5305380429143076;2,4057717182031433;0,10352342053095598;0,3583748059238839;0,10357679052373595;0,34910545098439333;2,8454705451380597;0,10268426938836857;0,4124458812586535;2,467690079720547;0,09458989108037592;0,3537088507356746;0,10983159655775832;0,10894540472746345;0,1043187102207552;0,4142785194846057;0,3330816084340505;0,10749544140790356;0,6443094106719938;0,29440375487919396;0,10070351178666956;0,6159979664257376;0,39170899347467425;0,4320790731951268;0,24241893254654467;0,5979707428100445;0,5864011235972235;2,1284334337297883;0,11177375506421168;0,6779345017300104;0,07957524677076697;0,49391595927535953;0,11212822082748586;0,3835384990302034;0,10306169050041158;0,4531265630125353;0,0876253393984783;4,971456824610713;0,1145012368094752;0,7057471984732584;0,47046482050052413;0,10855169804605376;0,5940906079415798;4,897767372796397;0,10122727753812252;0,6814330320510833;0,07345302347532129;0,4764804296803049;0,10543151451153474;0,33327149527803035;0,0964502424282375;0,3848405843706315;0,09592351026760877;0,5720498252190772;0,06749773886187266;0,4433174188344435
2024-10-01 02:00:00+00:00;4,410387000995678;0,10809918182973267;0,6235636098129526;0,35032421429225014;0,12146921874254704;0,44833811916744976;0,11974853404891403;0,11663254594260239;0,5596116086697747;0,10982629754691858;0,34314709552766076;0,4880799653239494;4,447542039388944;0,7364666237773656;0,7350356036375219;0,5594158983956291;4,3223678494951825;0,13358236257529688;1,1669792358687072;0,10651483988334938;0,12261586819180832;0,3917321709652733;2,1031772546732705;0,11767811879275566;0,4414578259955915;0,10279977814447815;0,48700113861716854;0,3794760951941995;0,3352473256778556;0,11751890410990744;2,1326447762654923;0,11524665759553056;0,6598892462819957;0,08074581687323427;0,5725997353256433;0,10478789205437185;0,5058549658019891;0,24585749493472875;0,11669024927737502;0,10952416327153965;0,611998350919448;5,048145713262101;0,11868668218552836;1,4122335546615357;0,09013008789630027;0,5818795238886127;0,11166252657768623;0,10794989256938692;0,5239398280819957;5,066439998393627;0,7025910428090897;0,4357130271884171;0,3946867675753876;0,30596939242510296;2,6964853467145953;0,3504886797260837;2,5603301276411274;2,425705724934913;0,11392087291036798;0,3738208610874508;0,11107857516565017;0,3592157626086383;2,6952691254249066;0,10847551711423355;0,4121559411847445;2,4727429779858072;0,10222439579300543;0,3700957658195347;0,11674446523803031;0,11579071801611543;0,11611076414210297;0,43367053024530877;0,34533604777928856;0,11109173925025356;0,6630737242978857;0,31211906850089444;0,10715255410657054;0,6359809869366806;0,40901802800704345;0,46333867969848086;0,2471638886435677;0,6278402325780027;0,6189677581233326;2,0945541950222286;0,1155852744521998;0,6934322879923803;0,07983681582610226;0,5228030814285205;0,11744408071673586;0,39632340714209535;0,10689937261979218;0,4699390604078093;0,09481313671902371;4,79217218202623;0,1196739995490882;0,7306717451423863;0,47251809222812813;0,11488613443300597;0,6053048949565778;4,735142091156647;0,10950170896023767;0,6866741057736914;0,0792005285368928;0,5057523613186399;0,11287630204342272;0,3386833161488693;0,0997894122424326;0,37509932340141755;0,10230085738831579;0,5682854280694462;0,06942782237285075;0,4662970828676194
2024-10-01 03:00:00+00:00;4,683085739375938;0,11899119440525267;0,6676596819618335;0,36778523420806014;0,14315669043056903;0,5147408513509588;0,14190345263917403;0,1344497338876264;0,5822644539217426;0,13115722058773707;0,3967424853950619;0,5383495762946634;4,658893062038005;0,7807568394315294;0,7725047189559938;0,6213855612857829;4,3883852933951015;0,13997407242420887;1,258663173777507;0,12081761703257637;0,1413488108797743;0,4321539065078684;2,179202383853551;0,13371375928634266;0,47734073680231753;0,11772883838281666;0,5330960003856235;0,3988712497913865;0,36012925950574504;0,13595509575750242;2,2658158845583225;0,12481362374438357;0,7029582463643168;0,09215668440358338;0,5991072939075883;0,12657979379078585;0,5698201090327579;0,26499813776735076;0,126951793966182;0,12360080777715364;0,6553502445289999;5,10020449375086;0,12980902250984636;1,4962064462638356;0,10509189651835317;0,6284276971088297;0,13114450142779624;0,12620692982591492;0,5709212858382666;5,336310444894408;0,7459366525035087;0,46933785444924914;0,4003584789319989;0,31912634038266197;2,784853721055136;0,3659782969735427;2,8550973479630573;2,637500113866383;0,13616220590667197;0,44058309215354585;0,13343034998513942;0,41330335429927334;2,7016301990372744;0,12779798000573456;0,4645614189685135;2,5570966560846173;0,12218542773485642;0,429894536393362;0,1325814478155293;0,12970182585140444;0,1319106881121062;0,4732382917091007;0,3784772706201095;0,11924116578487258;0,6919420299097377;0,331612738460815;0,11892029644959173;0,6842363951701297;0,46349737395475143;0,5063537054012999;0,26746118457269663;0,6769838583372153;0,6480779167442027;2,186485288747929;0,12465689958571076;0,7237589528247864;0,09052466977761277;0,5295858542763534;0,13542581980302887;0,4392380788437624;0,11824523049474618;0,5153080725016373;0,1137716110102661;4,911282224788097;0,12664743148868318;0,7649580956976644;0,4916572120033721;0,12845515494118295;0,6455462466773887;4,820858111760318;0,12347280600397605;0,7347954419467044;0,090228736218487;0,5467723609818598;0,12985321492244573;0,3850752792512883;0,1170003118327594;0,41777103393040743;0,12234676289344378;0,6158961524663511;0,07674538439861175;0,5299095190543264
2024-10-01 04:00:00+00:00;4,669028429706908;0,13241324957759468;0,7046627754313896;0,39770617235266315;0,169223062218549;0,5833333113511918;0,17208104369944704;0,15327293674384643;0,6271730032715606;0,15719486773986519;0,46066024642551084;0,5907550429534354;4,744993773546775;0,8701242650783525;0,8206434858140107;0,619600538545201;4,1461116505558815;0,15632163327126583;1,313922224612947;0,1396843067548764;0,16622345348293033;0,4636559871308374;2,004926513375811;0,15368423034367462;0,5256117705415455;0,13272396912057366;0,5808648035847336;0,4253489715925215;0,3306980474113236;0,15052017770828846;2,236129833596882;0,14387103003048957;0,7084579197824927;0,1014584571515515;0,6291212977694053;0,13705137795684683;0,595467544803836;0,2477799741100048;0,15110137815170102;0,14467815473733264;0,669725794244744;5,0089003381076305;0,14618625970267235;1,5340137320218854;0,11887205944095817;0,6091908823468508;0,15076288278258224;0,15159111394912891;0,5997320502311367;5,187742009041628;0,7630457647675477;0,4799080203168331;0,42439909256773606;0,340700560130364;2,8729802158549353;0,3477475888259897;3,7356287510154873;2,639881049867383;0,16691928036086795;0,5118682012509618;0,16388291482368775;0,49552405128108634;2,6925354859383135;0,15885025855954255;0,5436453054465775;2,5676780195106774;0,1468686559715394;0,49753426528604394;0,1510819530647533;0,14307866712200143;0,15412168929625286;0,5331864647111387;0,45845920095510445;0,1403463130529486;0,6811884712898788;0,32067604015418266;0,14169966639499973;0,7185914570016977;0,4826549461556902;0,4784854853218618;0,27262557008610466;0,7132612705306464;0,6744848721647646;2,1863935003564587;0,13550170414303966;0,7231003743779773;0,10133885980346845;0,5918175870947006;0,15341906757061385;0,49123336016668534;0,14015310305674816;0,5497132139351524;0,1286049387883281;4,8302951289327565;0,13835178128856823;0,8064631985276943;0,4788178383075321;0,14703879484438595;0,6872846724949557;4,884631274782828;0,13534851960271316;0,7636465522349284;0,0999125528684202;0,5885221317939539;0,1564397871825307;0,4483446931084313;0,1388827285599564;0,47132250959228644;0,14538432315529182;0,6499817826899741;0,08826036788286004;0,5623438801152153
2024-10-01 05:00:00+00:00;4,546989833439458;0,13465034534119866;0,7111040509487115;0,5454046615761262;0,18598637769191295;0,5922674008434117;0,17372877719905602;0,1623270709446284;0,6401493929890185;0,1645413045924788;0,48174716195970685;0,5886853883389054;4,583195073515705;0,8516886806534455;0,8056540627863445;0,6254959554229591;4,123996313320542;0,16519645342119188;1,320723022738887;0,15368108000571634;0,17178386662999331;0,4775894025661634;1,9489194033886756;0,15644037946085262;0,5374176023023415;0,13994863460054663;0,6080687161569456;0,4402140232808725;0,33399954701660683;0,16144335484053346;2,3002661087699723;0,15277173399896654;0,7284140142885758;0,11191811689179548;0,6364358529091874;0,15145153051523585;0,608357025345196;0,28565346116231183;0,17172121566962903;0,15475635211557062;0,6931040467111009;4,90567826577095;0,14916754789741335;1,5744068161508258;0,12885666364753517;0,6500171961762119;0,16506922541100724;0,15955123113125497;0,6118733700111747;5,193072431303137;0,7720780649524858;0,5710494772307981;0,5849842323287577;0,382561400199106;3,1718918644745253;0,38284547013370673;4,075010689979187;2,527812418628843;0,17725998477554597;0,5196244155688238;0,17368151169392926;0,5084247683811812;2,60194324399655;0,16465650523695854;0,5419440435443075;2,5792699625897977;0,15412814372602143;0,5140873995158998;0,16478424634172234;0,15396968309459544;0,17053404697593028;0,5271323116339186;0,4544350721574295;0,1378031067094026;0,6866417702294558;0,3443471090672971;0,1532886840767047;0,7394163711903617;0,5050299541850245;0,4839931444309908;0,3000428733473717;0,7488710840924218;0,7147668891179786;2,1614944649790986;0,13866338429350708;0,7412545576421314;0,10729889756432447;0,5867142787385146;0,17008593981917686;0,5087056527111155;0,14819345623768118;0,5498053926451334;0,12496249267413412;4,66353370409208;0,14471540676800224;0,8205536762396913;0,5732283575211411;0,16122918279425194;0,7101324272720507;4,677205160323178;0,14193854833467043;0,7673260186144464;0,10576042045492418;0,637750497541991;0,1652896130311357;0,46231292709806826;0,15010315321896844;0,48522805843997546;0,14476295615921483;0,6564130894153032;0,09674006143832495;0,5726569990102764
2024-10-01 06:00:00+00:00;4,368058637636729;0,13537907655929368;0,6901903496312336;0,6172941597023663;0,193410527174193;0,6050044873903457;0,18567638789285704;0,1652583022087284;0,6472763890350666;0,1713097536189691;0,4503428715698958;0,6048579621752785;4,3151431686582065;0,8594742538193114;0,8088423295641172;0,6356857561236301;4,051012550959651;0,16444315969014286;1,3190785434162768;0,15814331406825038;0,1752191140099343;0,4818670916430134;1,9123324993698927;0,16225378975769064;0,5321387188962734;0,14089947526610166;0,7640479026869215;0,4632517261078455;0,35461448693014164;0,15544089350816445;2,1973303783554723;0,14931287974441354;0,7252307094082978;0,1059377151822135;0,6565533123224603;0,15581862326701182;0,6232983007482429;0,34452534028395576;0,17842700612624204;0,15241024469796863;0,6913298043364219;4,7598853548588504;0,15404122862164435;1,5429649647486159;0,12794073725358618;0,6682074626350918;0,17236128980680324;0,16039643601681192;0,6020417241863127;5,016194118410527;0,7652350384857728;0,6731080596553282;0,6891538087859755;0,407301703468529;3,2561843112349753;0,4288174553350497;4,183067926126128;2,436658030539513;0,18409811452598898;0,5294761352219518;0,17731350910346447;0,5052877260622912;2,381462892859746;0,16927694497347154;0,5403318646792434;2,4931329086326577;0,15566431232900746;0,5089747278640717;0,16573809552698832;0,15558813536826244;0,17179353961370977;0,5285998408782656;0,4733723719564935;0,14508907522352155;0,6917566823623678;0,39784975138529927;0,1532219358868657;0,7287080635878057;0,532677495791351;0,5190364800470938;0,3453824213026526;0,7521894420088384;0,7167332055838705;2,0720983084706885;0,14110273059528508;0,7315197780154443;0,10948842628942747;0,6021989746411885;0,17783415949970885;0,5125527190432164;0,15648282606787017;0,5568177193870244;0,13396735184144012;4,615504867093414;0,1442334629527122;0,7950236890252325;0,6528290475562302;0,16088145683791094;0,7063401309615567;4,501610165698567;0,1462108367230704;0,7685513435489674;0,10413828197054219;0,627415191613011;0,17165530924382072;0,4869208590072963;0,15232402963516742;0,49815928534713755;0,1490231089054848;0,6548170795584541;0,08960938562898595;0,5428630085806894
2024-10-01 07:00:00+00:00;4,2768514699573785;0,14488686340692866;0,7000190768420645;0,5999830657471942;0,19730555760944898;0,5691255424938638;0,18936681722906204;0,17228508656308442;0,6339682105053074;0,17483230753126786;0,44790467354106084;0,6094007495261625;4,143902094838296;0,7994247877384515;0,8160552754630306;0,6527574166487551;3,9912506635565115;0,16966605196301987;1,3513808681931572;0,16950225624566537;0,1861685277565883;0,5067322272867084;1,8695176855309745;0,17609415852809363;0,5453870605071583;0,17694236901450067;0,8390064325139165;0,49631164871668954;0,3801387199372105;0,16845989974871145;2,1448266311134225;0,14967364522768054;0,7242743564567498;0,1017497418750785;0,6367959041821463;0,16755495815187382;0,5895138323633;0,34973610033815383;0,17243902445260503;0,16868056315298563;0,7045443426743848;4,64669246815367;0,16103452586082231;1,5409320173533554;0,13655044535671718;0,6896494065892458;0,17280319004590924;0,16559612831637593;0,6158667388720488;4,777148120906937;0,7540459326250417;0,7349072202506162;0,7286248136132478;0,42940633354756597;3,2910046723547755;0,41908342793152176;4,0908316787933074;2,3094552582307832;0,19017433836355596;0,5346105973895778;0,1819288502403479;0,5000130195091422;2,2253367175054795;0,17587165348542755;0,5317035562285964;2,4550281111264276;0,15752107732581141;0,4989901157344465;0,17277332544799634;0,16078161236581442;0,1807095356087267;0,5485947285177286;0,4552505176725105;0,1570071061619956;0,6977524204543418;0,4222496759708031;0,1540407866310647;0,7252898950465316;0,5803263550131142;0,6425233690637648;0,3510305658975357;0,7723078939290241;0,6957485605941406;2,0178793358928484;0,1418061244102383;0,7377486692419453;0,11423937443735648;0,6244248312883317;0,18329905681170286;0,5330863757049734;0,16963537920657118;0,5561333486719723;0,15517565385439716;4,502412008127228;0,15405316276219616;0,8079641762328863;0,6804782504305832;0,17404451157439793;0,6934814665007157;4,428769573230217;0,15177481909677348;0,7737601201940494;0,10603933491375019;0,600145452613909;0,17714593506578474;0,5025905733512224;0,1626153995618714;0,5068387475650825;0,1488169969262988;0,655296399501579;0,09881621693455234;0,5889911274636584
2024-10-01 08:00:00+00:00;4,253261565733228;0,15778483461700565;0,7191417232801256;0,6187398743228102;0,21171211486518998;0,6186154281078569;0,19769188273832702;0,1819111683275934;0,6533074765798794;0,17859627709879597;0,47765018986207786;0,6009242247008585;4,097377098167876;0,7863805986236425;0,812898739047296;0,6649698127368571;4,023924433610781;0,17318755384446086;1,371712145988567;0,1790029025971254;0,1990361295344723;0,5214932959369334;1,9696050265984244;0,19122915936016863;0,5798834643781614;0,16068615352695867;0,8877115080386525;0,5021164945873775;0,3774672462786458;0,18413125469128847;2,122004808986872;0,16099159940390556;0,7410040936411036;0,10642600990546949;0,6164092172404493;0,17960421356475184;0,6113996442212871;0,3431207006171728;0,18528260015495804;0,17331561543761564;0,7043721662791019;4,6878637572343616;0,16345322936867734;1,5488860788209957;0,14325482525792718;0,6453391525863678;0,18910021510194727;0,18013895399499896;0,6299622771671078;4,693012101042307;0,7829347599026079;0,7423325600518702;0,7401029715512316;0,441697742555894;3,0987824866932856;0,4311571972478538;4,185651903512247;2,244111229556543;0,19707276282652997;0,5460600213367929;0,19163276863935064;0,5301573362520042;2,209033300583911;0,19044237225945757;0,5589091796273354;2,3723389171620575;0,1651663583878134;0,5149700804956056;0,17515815144419428;0,17185642386294941;0,19623786796036813;0,5733602760898916;0,4683431591518555;0,1642228044024286;0,7057461710982289;0,4376277580616679;0,1574963732460037;0,7563205720224286;0,5686749660721789;0,5635881812811699;0,36418212262849164;0,7728764625858152;0,7021959580649185;1,9996844385761483;0,16173104444576158;0,7294450243904232;0,11410147238437347;0,6263806001462956;0,19000746713740987;0,5287793861251974;0,18332717407274018;0,5915520062629922;0,1493582818045391;4,4274715559638125;0,1493124093138382;0,7952558653259303;0,6465350129419891;0,17864716992262394;0,7230509746967617;4,352428239758697;0,15951936081556325;0,7808235783384214;0,1129141678716622;0,615542376383187;0,1833726781274767;0,5158780941834694;0,1722967425822944;0,5272505474146265;0,14864271106154575;0,6821922305783191;0,10241968392360695;0,5697634421540524
2024-10-01 09:00:00+00:00;4,083330295616597;0,15710129200616266;0,6962342818811896;0,6339841318206062;0,200871989988826;0,6137043269300778;0,19911744992338304;0,1835248775252504;0,6518273537613676;0,1724199131787975;0,47526445306132487;0,5946818118937995;4,011498984155237;0,7716462388908385;0,8108356309074738;0,6664333377107821;4,011004738889311;0,17893382222792187;1,380172086649967;0,1875719801186894;0,2096071529977643;0,5243712874216123;1,8797594841483172;0,20025622934076062;0,5777376135787404;0,16796539898471266;0,8490217092091955;0,4829089773887805;0,37970506571449036;0,17315817686598745;2,081879188978272;0,15765603705693354;0,7326456645166648;0,1010692717533125;0,6261500638412283;0,18124577577784584;0,606699806418449;0,3461371157541368;0,19005030689753702;0,1749005326518397;0,6992499185194359;4,569136237746411;0,15835711552615134;1,5290300609081857;0,13447099048869318;0,6260285602677728;0,19185889456890723;0,1788925571643679;0,6343276159908018;4,577967862103567;0,7618142983010446;0,7565800946936152;0,7552959721082185;0,450542114351553;3,055465463408436;0,4421837787043358;4,268603450282667;2,3137865354240934;0,20761627672880698;0,5426228236714769;0,1951286852732848;0,5363108790887032;2,1595059211676575;0,19177359276456157;0,5668640427275694;2,2544577729267177;0,16566530336373844;0,5184434874711021;0,17547989112254928;0,17388306606404444;0,2106874080662337;0,5711026608307527;0,4465347325857395;0,16339014978957156;0,7270526368646478;0,4337362353632703;0,16466286742062172;0,7278239055517677;0,5696832593458709;0,5456622816118978;0,36703321338527073;0,7357888827397301;0,6797442867707335;1,9574911794732985;0,1629177358119523;0,7157541437314443;0,11178738696625345;0,5941012593271485;0,19068014955898688;0,5370972896940595;0,18511885769451317;0,5925317985022093;0,15335581786741212;4,284962070035423;0,15122429631735024;0,7834178442625543;0,6149820236258632;0,17617711657757693;0,7030588068026177;4,271631115219337;0,1602884739290636;0,7628013726318255;0,10949600699342021;0,59401412749128;0,18912965616009772;0,5293295912518504;0,1773619118492074;0,5296574653340406;0,16265529458769779;0,6466427912217612;0,09296474505485955;0,5715092214573054
2024-10-01 10:00:00+00:00;3,925868229470387;0,15430167599366568;0,6901572376922865;0,6191361072187843;0,186930043903669;0,5852969370398589;0,20385699796720602;0,1850926266508224;0,6444870649074106;0,17650635766879924;0,4897412538575228;0,5911250721117915;3,9631444480641367;0,7573669250936494;0,7881522296923621;0,658311322846669;3,9560632646636518;0,18567082653956687;1,353824492616817;0,1810403462749834;0,21691200948508127;0,5266006885669514;1,8734599469372823;0,2023972709312976;0,5738281927431574;0,15488631273011366;0,8633353270357363;0,48624773173513053;0,41095680732901685;0,16858592014303544;2,0223131722961316;0,15069520674763856;0,7230159004758748;0,10037671512849648;0,6417360671435154;0,1838711136648639;0,582595600970694;0,35106306407866283;0,18516816687071502;0,17041547099136667;0,6838825855952478;4,454494733675761;0,16094829025188334;1,4851283033278058;0,13204227577594518;0,6032149002609918;0,19304605742991424;0,1832179874743489;0,6349819056505576;4,3834390470436775;0,7556561929199097;0,7301224047090291;0,7333726262868782;0,457713362821764;2,924377045075066;0,4108706709252318;3,890479468554767;2,1434558936589636;0,19776437864672497;0,5369336689150989;0,19407784798066;0,5364067214314202;2,0958849262817845;0,18744042108319556;0,5519055160642564;2,1906129171986577;0,16424228642915942;0,5237281099644205;0,18051321534608927;0,17007484236124742;0,20122606474199778;0,5839851878189636;0,5072645632251556;0,17768389354253156;0,7215508754929598;0,4200579580274331;0,15803692416043671;0,7000087132966086;0,5937877704213341;0,5289698835779678;0,34271402679472873;0,7260489430810964;0,6810652851611766;1,9573291155946284;0,1544776629807231;0,7116292129621101;0,11514685891504944;0,5848084444045846;0,19560989319085492;0,5179184902660744;0,17813638375403518;0,5852600224156522;0,1586849412378361;4,192990115390217;0,1493941203531652;0,7608922876855573;0,6058236892302762;0,17937602408234493;0,6713982029922957;4,177862059228047;0,16325866730603858;0,7434938305290875;0,11139472592442119;0,5962471024596451;0,19658843022359468;0,5124757385532455;0,1796288482425254;0,5318212107758357;0,1642738798360138;0,6431206389740471;0,10114692434625075;0,5330659073249884
2024-10-01 11:00:00+00:00;3,894472449106597;0,15301250216379264;0,6814342485638796;0,5972362079683502;0,205033028374079;0,5998591362600778;0,209540752847882;0,19696053859815338;0,6512111745385245;0,17888703317754853;0,48849217699848685;0,6072488662097755;3,945453247061017;0,7647029847972815;0,8068134902152744;0,6700756879105532;3,9860403953136614;0,18637980887467187;1,401323038044427;0,19120141876156638;0,2136458425091093;0,5488714628532864;1,9019648936685525;0,21508442544449663;0,6039104538609333;0,15839379446015167;0,8270855106306344;0,4657624932032765;0,36070610144384296;0,18101457581151043;2,0158202695960816;0,16023362747946554;0,7295837895994578;0,11503160007770549;0,6176677748432112;0,1837026738446799;0,591530553808549;0,3541959931050378;0,18600040893793404;0,17554153492836866;0,676374043754383;4,3520354436931825;0,16675139920578835;1,4980478260614658;0,13762238119139417;0,6131967304208646;0,20012214485997323;0,18078585688991491;0,6373985308001178;4,390565382181827;0,7229175834683458;0,7239094064509831;0,7492328870041702;0,416091900337235;2,941035855146716;0,40795782368996575;4,160634304273877;2,1649881670041733;0,20175833909649596;0,5882593267422217;0,19809059033218768;0,5481771744281932;2,086001891440388;0,18902814908178556;0,5747309433319484;2,3317373934541776;0,16667989665711844;0,5221977474848688;0,1827787932747073;0,17200304451093942;0,20934243439764802;0,6294436909954666;0,5140687923137837;0,1874495363719336;0,7059408710447767;0,4299206887857844;0,1626254062816037;0,6912103227914398;0,5545728643129285;0,5205969339231288;0,3531714571517237;0,744676823113729;0,6821110956344597;1,9388430769737781;0,1698301965950181;0,7205839564619653;0,10960942421978646;0,5891327741858526;0,2028373450428779;0,5442605942765735;0,18740769157703316;0,6101370328032822;0,16686310661837211;4,17503799115262;0,15155265364205123;0,7566131150986083;0,5906311918855601;0,18625303286669195;0,6849007185902226;4,235278759538557;0,17159072600071484;0,7387033883273684;0,11704420247326719;0,584941887012282;0,2090984705834857;0,5305881542450683;0,1845304867379584;0,5541597853037488;0,1624506981377708;0,6646568015958383;0,10501460977921255;0,5469356898558224
2024-10-01 12:00:00+00:00;4,012091279888587;0,1608140295307126;0,7095021354781296;0,5547375526258832;0,228194978517969;0,6577494288658439;0,22676481351234304;0,21161158824397439;0,7088203410864835;0,18448893357748494;0,5085448568934069;0,6521199538475695;3,969481056787727;0,8462378112544994;0,8168009389709737;0,6993100350297321;4,0740599652618315;0,20812499938615886;1,465017102079387;0,2118808910717714;0,2367328971172043;0,5964174404372743;1,9579407814588636;0,23648105910621764;0,6521661824558593;0,18787847298358867;0,8054992320121445;0,4632815098219096;0,3593314993777051;0,19225830146354844;2,0711737975711215;0,16821784135661255;0,7773859824542888;0,1275060798765335;0,6376230489983933;0,20199436707630483;0,653592964197499;0,3649476359000958;0,18588181444335503;0,1920077694755267;0,7050337481815259;4,431619069304782;0,17867723639434532;1,5406435733660655;0,14486927134132915;0,6417759698520487;0,20864897230330426;0,2019333113364939;0,6903016245395296;4,574386323903587;0,7548993783118068;0,7152152433041732;0,7708803464136766;0,404776899896093;2,9437222619608656;0,3958936937597917;3,6757568204438464;2,2096180524697235;0,20904464879569196;0,6237786162712079;0,21448230848707658;0,5938424619227033;2,1113647569666014;0,20137953146518456;0,6057202146613524;2,197211407874468;0,17592546560086944;0,5474172040687079;0,1955682500389163;0,18490578381969544;0,21921387025726144;0,6582294754380906;0,5463756057903356;0,19546419799811354;0,7469103309763997;0,4080447167112686;0,16865316904268468;0,7248425715460908;0,5675721453039295;0,5553311510571207;0,33948210442061466;0,7782804259462441;0,7225449237854035;2,0178886581513584;0,1750426257151539;0,7546213137004633;0,12062646371712746;0,6143979788624807;0,21617533122743288;0,6108776021817824;0,20341245669125316;0,6387789814281573;0,19009375685467111;4,264161542085494;0,1785339414612822;0,7952286378279804;0,5867616742347911;0,20197607007486693;0,7118458668222066;4,300477287640007;0,18097497413667535;0,7751975583674633;0,1202616383016432;0,6178096568329061;0,22189857944676472;0,5730743365199773;0,2023564119917724;0,5638047564999457;0,17323823540136077;0,7073170150855451;0,11011638867578755;0,6095739619009324
2024-10-01 13:00:00+00:00;4,160701933973867;0,17948056019065764;0,7488742376705446;0,48345311284079107;0,250989813617746;0,6836146975325597;0,250758775484191;0,26177445358761536;0,7489086166091066;0,21742542944777127;0,5866371421201639;0,7127810428020827;4,218612174472927;0,8402447594641834;0,8843301300715912;0,7339620714216071;4,1482209537262715;0,21815275189470487;1,5554488016096772;0,23687250059561837;0,2584224147311183;0,6797534394124264;2,0103821329925964;0,2644856793729356;0,7202389423190314;0,20619436447476566;0,7664973424074906;0,44684387803108144;0,3439122279876095;0,21244947511264645;2,2130138975952915;0,18897096688393156;0,8151543806639469;0,1331408075988605;0,6903884008648373;0,22465242702599586;0,704668626886908;0,3121215330400918;0,21161369885917303;0,21862450958455465;0,7420103980040959;4,558383682982842;0,1878750169382203;1,6132491496511456;0,15289318915734018;0,6561516633836928;0,23435591483034024;0,2275774800746869;0,7701642833219688;4,8604082290903365;0,7940859863805028;0,6847150700374042;0,7129762796773474;0,39993391340285794;2,906580886524626;0,37196610839308675;3,392077212178727;2,381415249495044;0,240514941988476;0,6858093669649209;0,23941789941894293;0,6521173506789643;2,2778711965328604;0,22258677786185854;0,6676696232451044;2,1998270257999977;0,20121755757707446;0,6130737666011453;0,22178414586701428;0,20881901230628747;0,25598802558392164;0,7092154076819506;0,6728568943341297;0,21182850830859362;0,7697862993687097;0,407458799163679;0,1787540303607677;0,7737874749681497;0,5692981473315077;0,5714142290061198;0,3273057854124227;0,8178668052892835;0,7640973353964826;2,1227540270081384;0,18059009755070124;0,7950720638612163;0,12630535922803146;0,6312259134616407;0,24106112822141287;0,6755255636828904;0,23556415599958813;0,7079103159972622;0,21776303144946912;4,426699154310717;0,19048872046503124;0,8170517249578643;0,61699245936471;0,21602428435785492;0,7530829367305827;4,553267725550027;0,18087742945922852;0,8041211188566244;0,12842718001043718;0,6241842390051541;0,25661284684733876;0,6517847451001674;0,23244143224137237;0,6256325829571387;0,19423134669319078;0,7878339029122822;0,11955414260509355;0,6561891628547034
2024-10-01 14:00:00+00:00;4,234604294046837;0,18181426608010964;0,7422849618200495;0,4009242260078001;0,26897243249992203;0,7328845918868279;0,25156104273119306;0,2592313295989014;0,7371767940165775;0,21742542944664503;0,5646633820160518;0,7389318605527546;4,314852731925147;0,8500939452012795;0,8671113318070074;0,7772984209803121;4,210922927146502;0,20527987334091988;1,592829730161717;0,2529745031980104;0,28172752475674523;0,7079326051461745;2,03494757321662;0,2712881154590776;0,7446523866953284;0,2079840132199037;0,6586747082215745;0,4553352149101635;0,32756019090949434;0,23133477299773444;2,2826298855863216;0,18593239834389155;0,7776696870043628;0,1173074886021895;0,7607865339906333;0,23972416076400088;0,6999161789594129;0,3079723439783018;0,21646150890072302;0,21903295310831966;0,7818338548007279;4,715777799786412;0,18849988289822933;1,6350616335989456;0,16740408017006517;0,6782412103348056;0,24264758314321325;0,2406557257555999;0,7767354905298206;4,862550979478337;0,7689796860461828;0,6642202446147603;0,6244424052293307;0,38948193214690496;2,953881202671846;0,3564081391346927;3,388007447795587;2,470781402672984;0,258482766322371;0,7320953818703468;0,2649471837405605;0,7169960723975093;2,3798875317201595;0,2508859861473606;0,7088056766199564;2,2969615642168173;0,21350528994855542;0,6604634181982373;0,2334444682614943;0,21053822806114245;0,28267325534158416;0,7396289596972245;0,6961634649860875;0,2159850431274556;0,7939528988477497;0,3538505629108905;0,17819888967806372;0,7996671447117618;0,48762289113977986;0,4970920401103938;0,3105800724890787;0,8316635591422068;0,7775825072181226;2,1101108931812185;0,1847484155854616;0,7976330043872113;0,12800021994372446;0,6528908389554807;0,2692107872300949;0,7305304677577745;0,24648026882972618;0,7200473293616202;0,24059697963372612;4,498828948253763;0,1720991971142872;0,8152928285902743;0,563390358770661;0,22106117191757196;0,8257056733377899;4,625665733842046;0,19241300166664205;0,8239403950593556;0,12786935109278721;0,6935468036299299;0,26221810141749674;0,6993221215420862;0,2432915918129874;0,6678329632073667;0,2145060971163868;0,7626433873188643;0,13730618504774356;0,6761305921888445
2024-10-01 15:00:00+00:00;4,478863663295287;0,19298779848471564;0,7968238371384235;0,36399424920334006;0,27044329998814204;0,774697189927591;0,2771348540509811;0,25712737963233634;0,8184672075031176;0,2217427166372859;0,6498604164169909;0,7879171706970035;4,550331203180137;0,8939166668547235;0,9310480113174622;0,8224979081988201;4,264637804976482;0,22594486906826186;1,676625592710787;0,2608114954436894;0,29112606307389427;0,7880003649192924;2,13442608146053;0,2769744894230866;0,7735888490558843;0,21171843275229568;0,6260848654529875;0,5015625175058235;0,3591433098087612;0,23987540348022945;2,383622342562002;0,18719750693251955;0,8241964972774097;0,1414309400414695;0,7035513564112823;0,24028683688746383;0,799857879102566;0,2749212373488229;0,22516988183158104;0,22842617701727866;0,8301594055822369;4,922732696386933;0,19974610135919837;1,7479568620781356;0,16017530724550316;0,7195047244996686;0,25322619033378907;0,2501655551524979;0,8134834490764496;5,268052528727968;0,8335462536639767;0,660589271606813;0,626508345338823;0,35643396682326894;2,933944152867216;0,34295506128998876;3,3272193797870573;2,742861597731904;0,26694756358465;0,74949471350027;0,2858178497919167;0,7645169858666473;2,4882126849509483;0,27007498379200656;0,7673989237974654;2,5085888327381474;0,22249276532484644;0,7191330449203674;0,24543735876271427;0,22424524093271644;0,2747743753957736;0,8072717454939455;0,7562750741419765;0,22348085985614455;0,8169368449396727;0,35603069127907205;0,1904929579114547;0,8375091703539789;0,49606384628930633;0,5550547277990808;0,2948553291545307;0,8495785940914757;0,8226728426468796;2,2306519982671884;0,1871714342375712;0,8288497652383213;0,13336772372208744;0,6533702103861967;0,2950730958317888;0,7644613053548884;0,25889607412790316;0,7804356257024861;0,23056291444329313;4,656675072011567;0,17419115103779523;0,8687131795687754;0,5593466414322921;0,22701747773869996;0,8461231414059948;4,856664724547026;0,19931253094516665;0,8670545930983236;0,1253672900060852;0,649670092973669;0,28307962142363474;0,7209143428944792;0,25671486165684637;0,7115739798258638;0,2316285466814368;0,7581958300037602;0,12585349696896955;0,6291127045725873
2024-10-01 16:00:00+00:00;5,293581688508537;0,20532428826445764;0,9288290970158926;0,42315610417107613;0,28280484589978605;0,8517165373490067;0,2754130651131871;0,3010192484736874;0,9766220291727056;0,22542562693369314;0,6727759804728168;0,8276503581755605;5,386818674073616;1,0569821704141245;1,092675494869211;0,8978852610131149;4,956170891593111;0,2612543631230739;1,879560059772967;0,29444965183046434;0,32836864570941426;0,8515854553416744;2,553527129382278;0,3064466190251616;0,9393978254969424;0,21140244340724773;0,6545324124779175;0,5408114958967505;0,4452154909642808;0,22799311811198145;2,6490439060959416;0,21933964650397855;0,9477371338841718;0,1435412434741535;0,7424855494679513;0,29889663397471283;0,9899908696188071;0,30498182081676284;0,25349420028678704;0,24120909131843365;0,8899246626818409;5,732793059120733;0,22066165857482634;1,9953303589035256;0,16482438857919215;0,7909815143496458;0,2768657232015872;0,2719176012723399;0,9590298693271186;6,004967607638808;0,9680435733383919;0,6893788531453932;0,6354906936412602;0,37739462402617197;3,2075304989342666;0,40726378788661777;3,4092724071481975;2,904109221944284;0,282879554683714;0,7854312077113949;0,30606732508255685;0,8051594168407462;2,9005229090637465;0,3012489063851056;0,8810345626869573;2,6918009792501576;0,2345127054144324;0,7626939244722318;0,2552793173208293;0,24540887369785946;0,31093609701690683;0,8571582206931218;0,8037567597387075;0,25976342363394556;0,9190828985567286;0,3806134736488908;0,19696643809320868;0,8890889634431028;0,5772314548255871;0,616072932791699;0,3351437118069628;0,8870204622184152;0,8697921467818746;2,4990570310285087;0,20620551934712256;0,9284311718026073;0,13313284538668443;0,6699068602618347;0,30930242938248886;0,8591585438774305;0,2989533161853042;0,9412816291327621;0,26106458620685913;5,531989348695871;0,18886206551546722;0,9891314921854704;0,623826227437253;0,24396140989949694;0,9187332020573409;5,639199581374176;0,21529467886077722;1,0108601676890454;0,14565569112190618;0,7122931898517538;0,3104682908660397;0,7658093421290034;0,2924175923717624;0,8233461691259127;0,2562558971356858;0,8248907259420603;0,11765628085556659;0,6756435101180464
2024-10-01 17:00:00+00:00;5,619505729972897;0,20461217814328264;0,9671601799156506;0,4445205535620861;0,250607051047161;0,8279676660791038;0,2734567672878081;0,2938954373004844;0,9685327019394706;0,22229603426032477;0,6452063560402348;0,8059935480373835;5,774121357556236;1,0402367566072115;1,0880269968303586;0,8598639538497811;5,354175460027322;0,2528652962003839;1,898035707980547;0,2975222795822904;0,30675375668759824;0,8448760650768684;2,86551492381663;0,32317526668344065;0,9884935978073134;0,21793480495852371;0,6390839191051705;0,5023398724428424;0,4250137498862326;0,23188368062133746;2,7207746848356917;0,23225978812945955;0,9713780758149587;0,1313894733067865;0,7338605374428174;0,31222298267942283;0,986729041889972;0,27114100893683385;0,23328840319730104;0,23904912861680463;0,8860595384658159;5,955269015376843;0,22295990599400434;2,0048985412697258;0,16992338100968818;0,7791197227471216;0,26048628588230716;0,2860011207978349;0,9593680238387637;6,256448317784959;0,9411894100531868;0,656445927963298;0,5824563428777702;0,3796951685986609;3,1987507862428157;0,4065706283911028;3,3376081434144376;2,9966769741703736;0,273759253942435;0,7913621515449138;0,2951917996554617;0,7903766854557973;3,19198331388954;0,31005926510469056;0,9140499128420063;2,914187948783387;0,23434028382448044;0,7557815006905985;0,24584031165395231;0,24917454194986746;0,2894132722195459;0,8620938785084336;0,7517123720273655;0,2604256968982756;1,0060976205199537;0,38674693579846814;0,1887728242323267;0,8613940857846067;0,594071352904696;0,6347002936319119;0,34075840497599874;0,8880773511025735;0,9009929624686865;2,692704721525808;0,22224773163141853;0,9874268356526893;0,12672529322163145;0,6439941712569107;0,2996477966457679;0,8517681521913745;0,3055051620432011;0,9701443570093331;0,22824095907575315;6,021986595718985;0,1934000545329022;1,0139065351385743;0,6084138386835981;0,24469625933432793;0,9354278730212856;6,145747708827557;0,22523945754509017;1,0601808602004623;0,13003648142767818;0,733334924644406;0,3024476230978717;0,7655727564894184;0,30305851824886243;0,8628507621376738;0,2528520184205928;0,8738035166867701;0,11848975041846058;0,6645009049242043
2024-10-01 18:00:00+00:00;5,157923402720937;0,18691642342533363;0,8361532951670436;0,4124578159797891;0,21776770760924807;0,7314098356642177;0,2523386248321321;0,25752059358239837;0,8210963824854416;0,19031286589060822;0,5716132456597149;0,7002125947792955;5,379606515198526;0,9447407335722294;0,9548997244628797;0,7554075218445361;4,9503954186265915;0,21366475994323883;1,6869228339439273;0,23269593472936145;0,2614320459217583;0,7408685556658083;2,602231000383906;0,2897476331521386;0,8621405876781962;0,20690390418592075;0,5490410018098365;0,4302513709271305;0,40063910967883365;0,18519523896015044;2,6114456614303116;0,18625247142416357;0,8974544580565038;0,1123133455415595;0,6655059385689305;0,26459226731991287;0,8326339867648889;0,25321728894916684;0,20069052172692803;0,20612936231150664;0,8206525561947499;5,6704311409571435;0,20258229471985137;1,8516867100218455;0,14538561226451216;0,6910074601313906;0,23894968805551722;0,24685406484093292;0,8687001488002437;5,907609142478669;0,8668538269067179;0,5906869895821212;0,5273175562260137;0,36992856316276995;3,080456251702516;0,39045006950423566;3,089569805050177;2,856791918290374;0,243465836154644;0,6934897258860259;0,264978743227038;0,7091566331975083;3,1436879476721646;0,2797622727383396;0,8188183251946053;2,7608770708293076;0,20732882530596441;0,6789481335338826;0,2149541146638813;0,21911376282468145;0,24617177368036242;0,7516373152112354;0,6492658659443455;0,24268100888278257;0,9132597547405186;0,3616233064611574;0,17052758952127672;0,7956736255992318;0,5551890435354674;0,5819866755528978;0,31895579488376874;0,803160853798132;0,7728700948643077;2,5726870971098883;0,18901384276692648;0,9005625112219183;0,11456767029252245;0,6237007806898507;0,25245357183338185;0,7588799451096835;0,2700517845378221;0,8402348776039972;0,23760645647218712;5,63814348148879;0,1817577445962092;0,9192825639891663;0,546033216127579;0,2157973203715729;0,8350679594920737;5,8535484222600855;0,20369641945096315;0,9484554489800903;0,12177407821226217;0,7014869632241358;0,2747542905104007;0,6826661294678903;0,27308007864399536;0,7558176617001088;0,2181160878106648;0,8096691789038182;0,11816431062779358;0,6237234549278692
2024-10-01 19:00:00+00:00;5,370212738921547;0,14976619417156561;0,8022346289800246;0,36187386776002106;0,18113925545372503;0,683610623620343;0,1946864662053311;0,20990085222747037;0,7487664214038345;0,15351900607252889;0,49161736729978983;0,6261572865164005;5,3557143839456565;0,8556305679376375;0,7940724806417742;0,7970001656447311;6,567425703807531;0,17833770854286288;1,7332637187159974;0,19287863000208547;0,20894890549403725;0,6992193509457044;3,2764183086647165;0,23435020439142656;0,7699163101127343;0,17588811365420273;0,5130607183469544;0,43151717877476653;0,37731587640891096;0,15000848416086246;2,8168839084353823;0,15352241773182554;0,8639927758702888;0,08068296705736959;0,6020947463615784;0,19915993148147085;0,780891929163136;0,23630982899691488;0,16391166417136507;0,17055862165220764;0,8856013841537039;6,407445056675504;0,1668869123055483;1,9733641838412856;0,12405459241068317;0,6611029571832246;0,19621040415817526;0,2057030882536789;0,8992323555791837;6,9217223451431;0,8814134247912698;0,5476942519607821;0,40118613816865745;0,366805315629802;3,222722592641866;0,38906637943670175;2,8252876452086073;3,449695640752074;0,191152273460364;0,6159607694434898;0,21057080648640636;0,6154867872841543;3,5688799709933665;0,22058035031741058;0,7190985492437064;3,2078505067876977;0,16410973733188342;0,5893273555515447;0,17887054276025632;0,18268825351892942;0,20887823994722987;0,7070783677985637;0,5797633586705985;0,18936897371070355;1,1156490738507105;0,3411664138079706;0,13977016954118668;0,7962424976922018;0,4763111009747477;0,6477486603286629;0,30150187015160773;0,9192863066679722;0,8348673783176196;2,752421675332788;0,16447539068120853;0,9218332771846013;0,09850341565600626;0,6838569017925548;0,21258117005961988;0,6851609557216475;0,21532375308065313;0,7288991834328522;0,18669543508019415;6,167454039348666;0,14830161349401721;0,9089484909034812;0,520000357895539;0,17939315343979992;0,8630569071234947;6,147972276660886;0,1652685937513672;0,9602654864033243;0,10006192964971618;0,598377160983935;0,2183152908593337;0,5543907268543073;0,21845830159034638;0,6165238968357447;0,17596921912557978;0,8022304878912443;0,10203194872746715;0,6328357477275953
2024-10-01 20:00:00+00:00;5,1427017462304665;0,12347161884380464;0,7106174057853966;0,345033969681143;0,14677488001288705;0,5821152115982628;0,1535363277206911;0,16440038086313738;0,6836467626501535;0,1269016089242939;0,4423787575166978;0,5483006429261436;5,066343998885945;0,7293477136539505;0,7118311898777262;0,673373299541257;5,868349177039271;0,13862633713624986;1,3665814878077471;0,14972433339557847;0,17863628727772624;0,5817985285737514;3,469208941424156;0,18752173581674358;0,6350362475444773;0,14823330070163773;0,47787011911830746;0,37810902271875246;0,32716744746248316;0,13189622413089244;2,814777369378552;0,12548292267125355;0,7739090378451398;0,06899652725745999;0,5347748894342944;0,15409792337977785;0,6899377919824949;0,23705422329037087;0,13122431667876602;0,14276931640318563;0,8203895744403118;6,716762222696004;0,13889250665139735;1,8916988441372857;0,10254240030310538;0,6161177751624217;0,1589231177445972;0,1594829214481039;0,8293546917606096;7,133832588798078;0,8518048892398098;0,5043182449663811;0,3666105131666923;0,346857603572727;3,1997440362717957;0,3714622313893937;2,6912379456276176;3,4171072124660236;0,151654722710665;0,5152010977457409;0,16751881810860514;0,5008145908203693;3,4217189918678512;0,17354109605574658;0,5810533177551714;3,167486766527598;0,1326007694029434;0,49784950849369125;0,14708991758567933;0,14554994041240946;0,15962385430687473;0,6484105149048356;0,4993338814947645;0,15530233007023858;1,0587558789893565;0,3244272001887417;0,11579370910915868;0,7305272819892428;0,4661546468531031;0,5324979954843558;0,2793595994277037;0,8393938732497208;0,7491967048835867;2,721244457398848;0,1412013493828123;0,8793747354042352;0,08882802968059035;0,6130380953246447;0,17542366620288385;0,5842039701635855;0,16762234745212815;0,6243685263192051;0,13479681976843513;6,209695847990503;0,12803046648766123;0,8482103785667734;0,471315828810435;0,1393481415809139;0,7899240725685717;6,240409143189305;0,13467610784824877;0,8713457399393694;0,08513008655066837;0,569401503957327;0,16902128047564674;0,47496935119861833;0,16779643287975937;0,5413108127111638;0,1405785798758808;0,7795362764700371;0,08626584084897795;0,5607644803311953
2024-10-01 21:00:00+00:00;4,508689159595466;0,10696941511532564;0,6031014349356636;0,3294523787719101;0,12694705666308204;0,5112759890102708;0,1314122655630071;0,14427162644445934;0,5949212635061406;0,10911774148107807;0,41098695789547485;0,5107207324707856;5,030766559073566;0,6856550051249675;0,6601949705594055;0,571703181513718;4,900371184180301;0,12522433086968787;1,2335018336649777;0,12454721430761445;0,15591246402022524;0,45459144164014736;2,790570177057867;0,15378726258054556;0,5336405060706214;0,12190564299827573;0,4555272568023515;0,38229270075179145;0,30656346702667314;0,11919425602840947;2,5508631578656225;0,10658978067944254;0,7141224620011699;0,06200931984373799;0,5118970369283624;0,12504380629369086;0,5385784474932249;0,22484615687767986;0,11351989331856202;0,12349638668712566;0,6725908802196738;5,996819465276844;0,12022728818331535;1,583765328226006;0,09325079563945629;0,6061168174878697;0,13329148297535023;0,1314011492444419;0,6311351961683587;6,126579514129498;0,7031813378080828;0,46244102294137107;0,34279445823875343;0,324028760822582;2,938219858275326;0,35654411193281066;2,5490663353079777;2,968971997597044;0,126415337567969;0,44198270452656085;0,1359025753536135;0,42904858366847526;3,4045733414605897;0,1401484719326606;0,5098615953898914;3,0730202266113977;0,11200252278954843;0,42225061500765904;0,12828277030358332;0,12573066682735345;0,13541698793130943;0,5497735114675106;0,41277149549155556;0,13131884679212658;0,8232181589776085;0,32282526298093667;0,10331945723762458;0,7145106501329448;0,44451485266883334;0,49591664436879684;0,2750906828523457;0,7500150510604977;0,7379915926698337;2,589599110002798;0,1301488575261737;0,8370405004621617;0,08475769489093235;0,5895205989891786;0,14428807983272487;0,4722508847348405;0,13830418776961315;0,5280847551470862;0,11100579320687612;5,427823568833455;0,11796551349878823;0,7269465349465352;0,430276095851611;0,1231603523748209;0,6545822226623467;5,719667657176226;0,11635080955184489;0,7481160644110214;0,07270597579493097;0,532105208361456;0,1406104901127777;0,4278234604569943;0,13474952525303638;0,4785854296047698;0,12120917565752579;0,6671844818364081;0,07385305533374795;0,5166787303292403
2024-10-01 22:00:00+00:00;4,178216640837167;0,09684306075461134;0,5657316016574665;0,3243870231017611;0,11693745434553304;0,4327289245074228;0,11558291565102409;0,12298464919200237;0,5454301504955175;0,10141950235803487;0,34701673563694585;0,45901908775163364;4,505035792678907;0,6496510514776764;0,6521573406556417;0,514392008350886;4,289956791319451;0,12098054166104287;1,1091775839227975;0,10981340119643145;0,13633586842004422;0,3972598829405964;2,4145666240683545;0,12883105257414157;0,4674261669991494;0,11464650595338872;0,43151045305573843;0,36631382360259945;0,304278317857201;0,10820972461825645;2,207418530748332;0,10081877044987445;0,6223427268454907;0,06041752739193529;0,4737478205208364;0,10997036664805687;0,499772654355938;0,21909166533956786;0,10590359940390834;0,11148773410026165;0,6005786925377908;5,394311735023394;0,11151817609009305;1,4025894367293466;0,08638695838265416;0,4726149625409968;0,11325819850217525;0,1130879613462289;0,5421281210466757;5,469395572669608;0,6513086415245347;0,45189102914605506;0,3374178811834202;0,312659014776219;2,842519398577676;0,34598701358464773;2,5761922251863876;2,5803905776807134;0,112240362531252;0,37567036144098687;0,11892372978936598;0,37293721402874724;3,0110775142045245;0,11883854753362558;0,4491654177852964;2,5534231941731576;0,09912594847362342;0,3683629411556563;0,11568832067090332;0,11427968295061247;0,11495775534059259;0,43093854607367066;0,3624376469769605;0,11627876850792158;0,6727547968398445;0,2989339920895406;0,09843699128580047;0,5999499729044488;0,3790248041318719;0,4466698285602759;0,2564942632681897;0,6248445757889776;0,5922403123964417;2,304711171192908;0,1116535837996254;0,6807205485720552;0,07898004371627923;0,4776772520597877;0,12743131434282687;0,4292983730674855;0,11859574900779113;0,47517297960380117;0,10097450215666612;4,930718514705305;0,10995745689569653;0,6628866911046193;0,4426185720779019;0,11175405737588491;0,5732223156237778;5,173853903607796;0,10666944591359609;0,6685787885887824;0,0716373089062911;0,471624644728157;0,12263383544984673;0,3758938201844163;0,11605836854252638;0,4091271860559748;0,10707017265422979;0,5771686306507591;0,07311946529886945;0,4495096305067623
2024-10-01 23:00:00+00:00;4,009570508623817;0,08821107395303134;0,5484677390648506;0,32646992305492006;0,11145480180146905;0,3990295226471177;0,11157157941601809;0,11469871756169538;0,5100098993883845;0,09967567311211387;0,30916720865452085;0,4325853475183016;4,214444301354637;0,6477630949363005;0,6294830978133872;0,49762183267923404;3,9842253675576207;0,11700193699391986;1,0459160846672975;0,10167370832343445;0,12234067525845127;0,3706574273363093;2,1613767966554365;0,11878841650699257;0,44664444377222434;0,1046353889761694;0,41116308024186243;0,34674760795259946;0,2912443521302798;0,10288586582771247;2,0034236630703117;0,09460664067654223;0,5764845366655058;0,05835073537023229;0,4432667231157224;0,10281536782826485;0,468108601126802;0,22724116460445487;0,10053284211772721;0,10564053538839664;0,5616803890432088;5,097865963638954;0,10509225440496436;1,3194650699052097;0,08346503999682905;0,4611521162446158;0,10917239741680623;0,1073872489374559;0,5091339494863327;5,089892769693609;0,6346302670223998;0,44358416978676;0,3449502218310784;0,29246826401435;2,6961539896283457;0,33219000839292473;2,4305087546919673;2,4254600326028934;0,106148603073001;0,35541800826940984;0,10847261269952374;0,3460541845832403;2,8294624514801723;0,1079601364783456;0,4248439698495564;2,3776973281768075;0,09390556996260513;0,3484603963643284;0,10849609524699931;0,10777899779640536;0,10751645935660169;0,3917563085086627;0,3435686170349745;0,10771842678179758;0,6395667137959856;0,28729676818895394;0,09509958179385468;0,5627272411582048;0,378667700263775;0,42241798774698985;0,2488673381751447;0,5887464419980202;0,5476675808609086;2,040256927483398;0,10651887414649966;0,6327451211439732;0,07472910172174695;0,47068808317928473;0,11831931592907087;0,3852317308907905;0,10853372176401314;0,43761281784909617;0,09741528024919421;4,732241542894083;0,10645431101415843;0,6407083178459763;0,4058595822618849;0,10599306427818779;0,5386463554740397;4,807950356334436;0,10205124982089205;0,6466994726986544;0,07221894399978038;0,39843545959195703;0,11403463822219471;0,3454021062818953;0,10444537703589539;0,3723870303695458;0,0988813966935668;0,5486449067850191;0,07037441871674315;0,4201713752820313
2024-10-02 00:00:00+00:00;3,944609493414157;0,09005751649681963;0,5336509428111677;0,33785358706626906;0,11304028208148505;0,39414897581096675;0,10809826715994507;0,11041782316823238;0,48513817154718347;0,09787542067292672;0,2981228710669489;0,4245443560714776;3,863748501144847;0,6501973832240814;0,6416816032575224;0,48661809898261005;3,8441497198163908;0,11712109701412086;1,0206744257457632;0,09816364488437115;0,11955625407860127;0,3641891872629784;2,0505641810610924;0,11232401483729557;0,4389422115029483;0,09907972176413443;0,40067493873566346;0,34957324627593245;0,29449771531013547;0,10267176055446245;1,9434580304928015;0,09273225176140024;0,5695225236472689;0,0574775646984156;0,4620932815816474;0,09998257347197995;0,4516314639871719;0,22626374253217585;0,10181645206807835;0,10306773645360666;0,5609648772479569;4,882572768444584;0,10204096901455854;1,3232818753342306;0,08157521696356858;0,45809991140240974;0,10332189329274123;0,10270512150108091;0,5030395200442918;4,968581852073039;0,6359232303297546;0,42274238472113407;0,33689177221118816;0,284062237106527;2,588663681650906;0,32569793114435774;2,338580504444627;2,1363814742432234;0,10333223202816799;0,34539780306222784;0,1039900229782388;0,33524784028419324;2,6696454094554074;0,10383230209367758;0,4021652022759354;2,1854337882142074;0,09130045589260823;0,3337126737484018;0,10682433699010631;0,10571615652300226;0,10268693188488191;0,3898247192554697;0,33061251526978247;0,10581055515682798;0,6057521392665236;0,28668509602402603;0,09639626659295548;0,5622679965508108;0,3748861196244977;0,4159063462667948;0,24518645600505468;0,5718495418695688;0,5488867688833277;1,942497182587528;0,10934892573204028;0,6136239660675131;0,07272729772683335;0,4523044905465027;0,11469203129531687;0,38467680906819646;0,10311776116713664;0,43518229091964616;0,09451265408570482;4,60458674189847;0,10233998875073003;0,6327588575362673;0,4448550354182069;0,1072165740811609;0,5352701555211957;4,730043809070196;0,09884824516306084;0,6429244409120424;0,0698958259019685;0,3895035597185091;0,10857093450192173;0,33276578598518536;0,09796020820327449;0,3640166218590638;0,0904238126199517;0,5380160106305422;0,06890186042092394;0,4030752768565053
2024-10-02 01:00:00+00:00;3,877267710626587;0,09549646230834373;0,5446232692252747;0,34744349404855007;0,11051629753683105;0,41123292669360684;0,1104753475675831;0,11088269356179438;0,48376285974265554;0,10407491878165011;0,31566490647521184;0,4197813630444346;3,6803789419904267;0,6660493025799105;0,6316052061606869;0,47157655834346207;3,7188173215153504;0,11484365847541086;1,0199511602813092;0,09789443892313317;0,11849201165085325;0,3455217248290114;1,9169992993854998;0,11355232030556857;0,4246846457872174;0,09742221401783413;0,4013180348785135;0,35491346620725245;0,300762388166972;0,10510138995959045;1,8502663772555514;0,09268550535933362;0,5600903767605768;0,0613891369185752;0,4364634624082394;0,09904214824183186;0,47056234051016504;0,2278625720146449;0,10570163644335023;0,10294283044150866;0,5597374547569458;4,652117244098204;0,10335373412598986;1,3107830597043817;0,08383695716977457;0,4661116075504388;0,10389920796906324;0,1027943006939029;0,5115028197057188;4,6975107011367285;0,6251472449460997;0,43212239832500104;0,34830577051861566;0,278772122526608;2,4804714777163057;0,3250170399584957;2,3519105824550075;2,0646823727748234;0,103814906581128;0,3396063438187519;0,10468366949688561;0,32841501971488235;2,512556603629209;0,10265494377239437;0,3912052821163334;2,0874997885758577;0,09260409649614353;0,33487093190196215;0,10743129281367932;0,10725772678808276;0,107326433343955;0,37847065696997073;0,3288564628349805;0,10720637462128359;0,5920961462228747;0,2865936671315641;0,09733332267240638;0,5677605646347929;0,37112749385480515;0,4262085329608508;0,2438558961568467;0,5717981689034973;0,5364302104786206;1,865641780030048;0,10450918828458029;0,6065849411687051;0,07563035836479033;0,4487365852001097;0,11284059661360388;0,3618674905038885;0,10198547791801284;0,4201814424145992;0,09273504198965872;4,4256954292179715;0,10572392048426264;0,6370479037628273;0,4338762804766749;0,1076054956641304;0,5438301368973727;4,520592026108056;0,10127130918641689;0,6349457534221004;0,0699998561603709;0,41529816301923905;0,10609951061175872;0,32635740130279034;0,09680013326983707;0,3648552973458008;0,09061668623771958;0,5247291962864411;0,06842319830139185;0,4258427467202273
2024-10-02 02:00:00+00:00;3,868305560403407;0,09726624082869803;0,5573825231013747;0,36032641766628604;0,12368690779711505;0,42463406093193473;0,11662742872621008;0,11709969651745636;0,4950007937779735;0,11075577724181312;0,34280484846828585;0,45740935638477764;3,764561286306767;0,6623370129410455;0,6438183675550513;0,497837333883011;3,789448762682151;0,12007574745310687;1,0374868670334862;0,10430212182065746;0,12218282068267326;0,3665037752417274;1,780652887358314;0,11934089318748957;0,4232421459135354;0,09623869028910723;0,43025263265869146;0,35663794325144343;0,32704775751374177;0,11740440364532145;1,8446476482464715;0,10077384710911323;0,5859691394891559;0,06527293323226241;0,49655873736869544;0,10426536008810285;0,46929092916424897;0,2359602873286829;0,10955350734059202;0,10917983650656665;0,5759694549222587;4,603680723984704;0,11292275881525535;1,3262893664436737;0,08794820418453167;0,47090168372625774;0,11283799904598224;0,1071803881945909;0,5005112252653028;4,6949990684802785;0,6373912743485908;0,44860298136663507;0,35761533293793973;0,294714466393168;2,4572767736715257;0,33053865561114576;2,472735251810187;2,111351251305053;0,11243164888500601;0,35031911695138984;0,11337586406779665;0,3423495649970573;2,329293867261778;0,10714310634917958;0,3943868783516824;2,1310126917199477;0,10082581664807842;0,35296728204808064;0,11761611967680331;0,11240701922737646;0,11635474040507646;0,3976569711555348;0,33856216084936147;0,10782395980128358;0,6101495001132157;0,29856570106176705;0,10498155829980928;0,5904669288563928;0,3993470174918084;0,4481650869673689;0,2491627236595447;0,594718218182151;0,5578090469900275;1,888564309381468;0,10843866097442983;0,621479470873176;0,07907613030803515;0,47505196535980476;0,11809993606503988;0,3719858019527055;0,10673335414230314;0,4298786427041542;0,09716522789880812;4,184350354044178;0,10570271410813482;0,6585481036210893;0,44607489707837394;0,1133019774635319;0,5620694851879777;4,421444935367786;0,1063234103301305;0,6465735742255084;0,07865073191807548;0,43096329327913;0,11488423012103471;0,3390588402733144;0,10094634022145468;0,3607581881100018;0,0969435483764658;0,5439238092257851;0,07300437126113915;0,4378003704285763
2024-10-02 03:00:00+00:00;4,043751177744348;0,10955110637542764;0,5999934459061037;0,36811721312090306;0,14188254183266502;0,47929781506171376;0,13922200907756108;0,1327877951837144;0,5503951375039245;0,12770213001380645;0,39327005172694984;0,49658645484569164;3,898590390947347;0,6863451811792864;0,7163548578819132;0,534589777520174;3,810178128506261;0,12697244000296487;1,1096866405049373;0,12241445383143044;0,13782468232438524;0,4026230809590194;1,8571086991848886;0,13045461782900958;0,4427451340705003;0,11948976082385973;0,5030596275960024;0,38803891298703047;0,3298252188920789;0,13584453765358345;1,9469469610780317;0,11223642915351652;0,6082952005215377;0,0768083879550054;0,5593403047794504;0,11961086142857985;0,51873567798924;0,26748376740811186;0,129631124130917;0,12297902335879166;0,6215936613855407;4,662155826144384;0,12031296282713334;1,3865695059669876;0,10627999155996717;0,5419440057428297;0,13057143005677824;0,1257872445803939;0,5381698417758748;4,74469529918689;0,6714793339353338;0,45146338121400803;0,38753296874905696;0,29831447273337003;2,473693704202446;0,34848631632879673;2,7974533785431275;2,2268215815322634;0,13421048040413702;0,40419205063659686;0,13305888386463235;0,39246604790205925;2,2978677030358208;0,12904941455990557;0,4283700494386364;2,2215147354493876;0,12132406964355641;0,40213591402131754;0,1316407194059813;0,12538747882630946;0,1350223578789157;0,4491517219243897;0,41385622766510444;0,12661220925701858;0,6316681377834417;0,31975402484852256;0,11657442695487868;0,6468499603817068;0,43387303086619927;0,4566057915325479;0,2674437940064447;0,6323095306489567;0,6051894701413326;1,9971797911041382;0,11521246632866144;0,674149899180059;0,08782534830180455;0,4942980381882487;0,1389113268428599;0,4170601965715745;0,11835353610874014;0,4645756084438932;0,1093925410080591;4,303641887487176;0,11312494575285714;0,6793351956896843;0,45243071834515;0,1276997774508879;0,6023905031896908;4,436973470286406;0,1213675947136816;0,6767892360392154;0,0842823924234966;0,5033166721422561;0,1316233800809727;0,37490666669604333;0,11638714085717038;0,4039780403042398;0,11237799386760479;0,6007553967390291;0,07956258012133635;0,4664369381156732
2024-10-02 04:00:00+00:00;4,056172334059417;0,12764292756129764;0,6262451806999627;0,3794044961575571;0,16763926066920704;0,5475888055578778;0,15830639297203808;0,1505397140587544;0,5753610664565526;0,15483815843151946;0,42408977414673577;0,5544531616438857;4,066486905588037;0,7433116764684045;0,7503871091891955;0,553470394054871;3,644774514281551;0,14578137348510287;1,1282665755112575;0,13884763786815146;0,16166627293920022;0,4486010443447094;1,7026479036256303;0,14853792073201258;0,49795069028819533;0,1398251114929367;0,5190046290202154;0,40830970877764045;0,30832758577485503;0,14889480413093142;1,9657100606475517;0,12835240304000253;0,6371545511187608;0,09407775589211029;0,6025669577507944;0,14118322781689985;0,537193063390306;0,2390349594103519;0,14849279897314105;0,14092401640164365;0,6315943584010388;4,576068223330334;0,13776063044936135;1,4074523127893666;0,11828817908970919;0,5408619349124708;0,15710234141806323;0,15116050852215487;0,5685667867501498;4,730708635646019;0,6886093546976199;0,482300428087624;0,4445003048760871;0,304558273203412;2,603526407473256;0,33598578509803173;3,5744232085506074;2,2187973206267633;0,16689859681603697;0,5012964682640728;0,1670564582949363;0,47377730811860824;2,3018575532457444;0,15506421936162057;0,5121913228564525;2,1084770834800275;0,14560336541472643;0,4743550300209563;0,15242375195371832;0,14272130545031145;0,15851071581733153;0,5151312097638077;0,43100334010082847;0,13508332311228657;0,6365345164053037;0,3169815402788701;0,13624528958760665;0,6907265373707979;0,4644719646541798;0,4635066780807179;0,2829609987227047;0,6786976075186719;0,6321039669616295;1,988999425543418;0,12825502695029511;0,670721680146573;0,09478183960679566;0,5331044122283928;0,15546786773102989;0,4558968821438705;0,13852648996032915;0,5227754473142422;0,1374743819396781;4,277286460418485;0,12801257916513323;0,7243422014921103;0,469138262858972;0,1490083160610419;0,6364592901877647;4,529105010579306;0,1313015109250914;0,7036800446556993;0,09521258283158958;0,5580713390689761;0,15203943764295771;0,4383631403281513;0,1365959100941954;0,46268793503896377;0,1367954901390318;0,6056579745641542;0,09304794414959475;0,5021578975057583
2024-10-02 05:00:00+00:00;3,934448168310157;0,13412708374601862;0,6328913672636247;0,5204473436283821;0,17282248634655506;0,5542048389985368;0,17110321444113208;0,1608128389098914;0,5926859754931165;0,16407745595803042;0,4350017095872498;0,5563527840274577;4,007056348251217;0,7793391431275654;0,7382062845839057;0,58626443568078;3,6252438055119;0,1582872199102179;1,1878630635489171;0,14683956879655743;0,17226505687654828;0,46263250916489235;1,7374009627741422;0,15383074078540354;0,5058179537160433;0,14472581897159875;0,5945211393240953;0,39764713914343747;0,317004588454322;0,14913429738124445;1,9722450982808417;0,12881440319549153;0,6377855698449039;0,0951622238926365;0,5894073612412474;0,14782870564106884;0,5433396796212541;0,2849220128565679;0,171507207061066;0,15634356601238067;0,6487258797012538;4,4893094524296036;0,13997570779736232;1,4310266457874006;0,11981717191181818;0,5501114545103798;0,16348830806524522;0,15211294230149489;0,5880248264753598;4,545132931260829;0,7025135520855308;0,574313318523499;0,5481886841037075;0,344962975941677;2,8762172846022453;0,3576428568706998;3,9751151761246275;2,280025369512044;0,18171289330293297;0,5175962402563838;0,18081063393363467;0,48996993169089326;2,2696231556975217;0,16426791223502157;0,5282536947347994;2,167153574083427;0,15938078254137944;0,4967518436064495;0,1603243161204653;0,14699698839329745;0,17283402350396362;0,5110608555485877;0,4479532285049965;0,13803176326291058;0,6655523312066477;0,3316719740804067;0,15096679903253868;0,712388405129937;0,4943584791787495;0,47605157844363993;0,2925882927595437;0,7136560554263649;0,6612040611790716;2,009691402664688;0,13032351389137423;0,6866376995339879;0,10574460797360745;0,5596109895525007;0,1665034533975219;0,4796049673880065;0,14776110480049215;0,5158526013688651;0,1396230221056151;4,173255413659287;0,1306164192053942;0,7271579868337882;0,5236130663889429;0,15707170016735988;0,6677898610797897;4,311227251710585;0,13722864643646346;0,7182440626085252;0,09950353877085918;0,5474397585282691;0,1697127767193377;0,4626628317230073;0,14735201218607338;0,47895758681595174;0,1475311090681728;0,6243843720896022;0,10058929273395455;0,5503332078645083
2024-10-02 06:00:00+00:00;3,852595577930057;0,1320652917698056;0,6124036395763247;0,5635189303204331;0,18215881386555705;0,5667076755929829;0,17941683762846605;0,16521122801821042;0,5657044538749806;0,16226838739864854;0,44656566314817986;0,5674104538669776;3,8869114623596968;0,7460267377802865;0,7366338289584285;0,590362804000727;3,5925185112811304;0,1536880314368549;1,1727763468496373;0,16175144864225346;0,17953844689668724;0,4600737058910083;1,6251654325277298;0,16527197363611057;0,5072524474369483;0,13563394372542972;0,6884557340132982;0,42139965110789845;0,3463053700805759;0,14975037895802343;1,9025390129344015;0,13689485269557053;0,6371387204272649;0,08802260828115639;0,5530356087635654;0,15512899268653785;0,5248296840955302;0,35314089510648583;0,16546185184477302;0,15448412534008565;0,6512060384324939;4,364875111767104;0,13993671477425035;1,4082385849748427;0,12377622517829719;0,6298021456635539;0,1671851102853322;0,1592834589997839;0,5633088772968599;4,400040218774029;0,6808949576846478;0,636382784887155;0,645570171629561;0,400790863737438;2,9864474523269053;0,40322576139440774;4,102332901761227;2,254022508888364;0,19435127739747;0,5098552750278308;0,18228141424279526;0,4926142962624553;2,16530621272046;0,1712145676706316;0,5208297835544065;2,2207355787815173;0,16259488446758244;0,5007082699698101;0,1675952143125573;0,15077059972546747;0,18254821709062896;0,5301454108787707;0,4530924316349245;0,1528961342930696;0,6548977114393137;0,39381657829222216;0,14926056694407666;0,7020769382780049;0,5692362003977416;0,48210065076963693;0,3311000375552537;0,7184936764889287;0,6760876716229336;1,9548394759343877;0,13577074699477581;0,707155405371148;0,10596347187705145;0,5900279645349107;0,1743956249631069;0,5103824562182585;0,15109524619319317;0,5176035472061751;0,13432618107798913;4,0522457878148455;0,13270146040110023;0,7146003567433662;0,5767055500469889;0,16307067653129287;0,6733758743254767;4,160644798574566;0,13932041131772485;0,7155636233973522;0,10409255893364118;0,5340762141994551;0,1717840942464597;0,46396829932720335;0,15825521876920337;0,47293641895376476;0,1458848492125798;0,6361326586913602;0,10390550692388156;0,5586136030680694
2024-10-02 07:00:00+00:00;3,739936461898717;0,13970552974679362;0,6370068673346577;0,5932845880058021;0,19303851566593505;0,5700605053477028;0,18934391953808008;0,1770679772869784;0,5714877979298175;0,16548803573851678;0,45161942811982586;0,5577994516974137;3,688092161469407;0,7287114792150985;0,7478344050165349;0,6088190065671312;3,5652650141932205;0,15380842466357086;1,202649335627697;0,16193543832799145;0,18422716503927125;0,4961009192484034;1,60588113494242;0,17642162239564058;0,5292362986729934;0,15468810123185572;0,7607851354915802;0,4211524462811834;0,35419057062405224;0,15630640090212647;1,9122038872326317;0,14687551308485153;0,6435181209445399;0,08753109550140789;0,5574275350949605;0,15895537509513888;0,5343871900751792;0,35989870069230195;0,17820738032988903;0,16218877704730167;0,651486844441229;4,347221053685874;0,15152243125533432;1,4525537589839927;0,12994964708694817;0,6581873774458619;0,17340420245657825;0,1650041768204789;0,5906899558706918;4,350410122338659;0,6827263329144788;0,706500908085098;0,6965193343936277;0,420918057079468;3,181880974869676;0,40593355259686575;4,275729199531197;2,317400998906464;0,198885962822735;0,5301586666285218;0,19000624890565287;0,5082560456723172;2,178015040258116;0,17816719309665158;0,5279640896925264;2,178481313331677;0,16689490446576546;0,5041830444265295;0,1710683804539923;0,15983651561024545;0,19058676384247264;0,5372319611667496;0,46596129969385147;0,14633549421892555;0,6579569671270826;0,43123159881443823;0,15659901080750768;0,71279507890053;0,5905456081242991;0,5343919175483238;0,3520858946206148;0,7162469653974802;0,6930818457504816;1,9402587384067278;0,1446880790765804;0,7103309213820279;0,11454809709790545;0,6144928886598717;0,1733859605838879;0,5065900057718176;0,16061867275134617;0,5318440337669751;0,12882998168445112;3,940020691160126;0,1358187976918832;0,7149400733709352;0,5959297717709309;0,1674360966754489;0,6671044338976307;4,133905459485075;0,14409347934449612;0,7215601868658773;0,10974759702522016;0,538863388188887;0,18037316569362472;0,4777427336412334;0,16243619587329838;0,4882430624189407;0,1433926790806348;0,6484815628540711;0,09810670358366186;0,5765922363347414
2024-10-02 08:00:00+00:00;3,666646296781507;0,1464889867106936;0,6319575309082407;0,6443450866004571;0,18842409224721604;0,5772244799815668;0,1899966929142701;0,1875709831019654;0,5852667569066925;0,15466007273660254;0,47115998650254376;0,5591276542884216;3,621855074556647;0,7601054994174035;0,7609346089189786;0,612457485587089;3,6048581284386905;0,16254027785677186;1,2450508650803271;0,16723143617694947;0,19381814805542824;0,5101126012653483;1,6369352821539298;0,18349867364349956;0,5437406627503164;0,1743024216681407;0,8205079611107412;0,44400549008097046;0,3503792536079108;0,16693634689927045;1,8935339516030316;0,1441223321319695;0,6681727662493039;0,10134175925866151;0,5932264276163735;0,17024629192325388;0,5703199052170153;0,35377524850438785;0,18717495219714403;0,16852434176253167;0,6867906942186889;4,350777242801924;0,15788171446318533;1,4989372656588256;0,13814492766478417;0,6861900589346028;0,19612469493331125;0,1789008430391089;0,6040871657788949;4,35451338645615;0,7178641020766967;0,729331659476189;0,6863885287015805;0,422236796244091;3,343513118187666;0,4199693751501897;4,340004858704557;2,273984377637174;0,20713278386614498;0,5553691074404349;0,2005947747512896;0,5351384519105563;2,139947571506726;0,1903149803891606;0,5537831700613564;2,1997582838773475;0,17773360633360244;0,5254330677609704;0,18138270925007333;0,16597955261451247;0,20718152801952738;0,5954300765337937;0,4965575739736525;0,1634691540958456;0,6908009795679706;0,4300700655666625;0,1676977487977297;0,7277536279425689;0,5768622450270958;0,5364648640470409;0,3536373582274057;0,741630348452525;0,6913180724988716;1,8828763653220577;0,13914166296017993;0,7140816037091571;0,11345110850869244;0,6002561815391078;0,1928271747012969;0,5064740667864666;0,18121557040915814;0,5446352911460421;0,14471219816875008;3,911786215496045;0,15099498929361221;0,7207568539940953;0,5861851292098978;0,17542417803302887;0,6707275932509678;4,081848290658936;0,15446041675161476;0,7460247866449553;0,11490703029025318;0,581205708224433;0,18931920371374072;0,5159841186130074;0,17527048323250238;0,5093590837109297;0,1571398600887808;0,6826169074605393;0,09886933603927604;0,6012935666973734
2024-10-02 09:00:00+00:00;3,657229014177817;0,13790399931769262;0,6190172271265056;0,593782556375067;0,20419597653103305;0,5597372117894308;0,18372144696768408;0,17930037686924943;0,5831219595831414;0,1551379066330456;0,45629097557260984;0,5675470371344686;3,5347514092676167;0,7422992338396215;0,7626998171695145;0,5888805801418601;3,663358377556761;0,17033573928662787;1,2252742811343271;0,17185054565574545;0,20695505417420224;0,5172071238055723;1,7116922391931508;0,19218722095173357;0,5707116509772303;0,17107933034864573;0,8208909816075862;0,42210254675975845;0,35951164508201855;0,17678688200051745;1,8839504483409315;0,14748746598463255;0,6754405262684329;0,10165454011850149;0,5645025173797275;0,1743677381985019;0,5690484938710992;0,34743171452536586;0,18771733726132303;0,16903128452257168;0,6886303562256009;4,320807305982373;0,16614413083414234;1,4809360007902455;0,13494482732846116;0,6481071772104988;0,19869598207102324;0,1926864174632519;0,5991202264867959;4,32709264795182;0,7214238183123477;0,742306336357923;0,748565626844653;0,426289013907026;3,265334562797346;0,4415151558281287;4,369612956505597;2,227743561004994;0,206443664173064;0,5739797572589609;0,20161160281292737;0,5523571681748193;2,1971759430911573;0,1974685531519226;0,5724237126858044;2,2683240706498573;0,17187611575079143;0,5526349324940785;0,1845276596365803;0,16888934142134945;0,19616067717873972;0,5934553187465667;0,5063125779959216;0,1736256405918606;0,7084389420349305;0,4344908456542591;0,16651015274387368;0,7065568392295899;0,5904824379426522;0,5401074122768229;0,35594143580239074;0,7047240088728313;0,6675198797137926;1,8929794970380678;0,14074098840465135;0,7075052744855499;0,10693768315457544;0,5848473526712766;0,19648519564696587;0,5324127797818176;0,18056405121251018;0,5517317028575212;0,14707680989775815;3,9325725582548;0,14908414333038422;0,7285673651458484;0,5717691005249949;0,17696660081257287;0,6827352296956237;4,119523553358306;0,15219274578675707;0,7432598949405212;0,10891067944077017;0,5560410783086359;0,19240612911606972;0,5084302797006574;0,18214587969091137;0,5199841557625777;0,1622897375521728;0,6790760746227502;0,09746777032747715;0,5718902064433744
2024-10-02 10:00:00+00:00;3,6284270498372675;0,1340115276191016;0,6136253502969017;0,5956726943788271;0,20590962919556008;0,5178064702943699;0,19016296537801708;0,18618148038714247;0,5986121624754596;0,16699559287266535;0,4653417864931648;0,5564182882475807;3,536346590335357;0,7210434711085866;0,7487258859074335;0,5971469774330832;3,7096032302755204;0,16679668005962386;1,2444360527959473;0,17588863507431446;0,21539509595357326;0,5236685966422093;1,7402026957233783;0,20298062220766958;0,5835364634400544;0,17383705554179674;0,8455366955527223;0,44214102958068846;0,36656812007275547;0,18055530406287543;1,8888674995747117;0,1567736084003515;0,6691995522628439;0,1051434355010395;0,6147394226972724;0,17937219579880992;0,5615077093366972;0,3626561960750198;0,17780241336258507;0,17217003599065667;0,6674792470267629;4,460865504742463;0,1636205297418703;1,5008133984569454;0,13328279096481016;0,669284068461259;0,20430864529567924;0,1901736026072169;0,6179719473085498;4,3969583617345;0,7223356324601957;0,7388770840726381;0,7138488506555959;0,417719735657225;3,0659228937654257;0,42658725190131075;4,149108081159657;2,2212922376065336;0,20124764353367003;0,5538190124376609;0,20199502002348077;0,5569525629666122;2,144230566659751;0,19704049213749555;0,5791399181659834;2,345760256410407;0,16687011427652942;0,5526922720054351;0,18456375255526528;0,17342535779216844;0,19832794838791498;0,6011079026675996;0,48382145285903755;0,17751488807276458;0,7147166300419676;0,44315212350787747;0,15906929837995668;0,6982283705432288;0,5586692328973102;0,560446710609779;0,35023133050786165;0,6803149997619187;0,6621299579637245;1,8661152970682877;0,14451124629186557;0,714171295486196;0,10202925975904753;0,5681799476863807;0,19146274783803488;0,5506525692458025;0,1842382308664531;0,5784986016257961;0,16298671504399012;3,9433225925098427;0,14436193778907422;0,7337710711553973;0,5884310427337648;0,17971771828066288;0,6708755931329757;4,121637806060456;0,15635042355075923;0,7483687252240674;0,12613645380116617;0,5317559161876368;0,1964269398335017;0,5213539259229614;0,18709233507494039;0,5282854114169228;0,1676613437415018;0,6534329593479422;0,10102385339977694;0,5263769683923534
2024-10-02 11:00:00+00:00;3,617072486361747;0,1439904758584286;0,6324585526692657;0,6018946217453371;0,20204877819591602;0,5682537252793949;0,20459787852698608;0,20307006853128043;0,6390051275986974;0,17147418365484202;0,45620104203876183;0,5788674207078878;3,5712372041279674;0,7417847138151585;0,7275110501118852;0,627551271714736;3,7952914714472805;0,17222022771036086;1,2810661143680773;0,18889380075570347;0,21564820992627323;0,5426409871122814;1,7700832556820736;0,21381024694926656;0,6077620374527584;0,19649349158177573;0,7922259167696323;0,43820362258168943;0,34020480129240893;0,18263373311860245;1,8980270479456816;0,16109734704344453;0,681756235864108;0,1245479252921865;0,5749240374881243;0,18808457420608587;0,6025699116327482;0,36622281568975584;0,18846793156319103;0,18703580308681564;0,6800896149787878;4,560955254373343;0,16270795618342834;1,5389192062902455;0,1374666071840452;0,6362891056415279;0,21562912570148224;0,2062972006694629;0,6540852763414517;4,45106354385675;0,7267668787861847;0,742608917441919;0,7692635237192272;0,417079313476705;3,126047971944946;0,41987122867294874;4,2101433440110565;2,2541136936713837;0,212248681822049;0,5732332391134507;0,20502084814711938;0,5721793654652991;2,1378326943134516;0,19721019229039558;0,5937884183517124;2,2487852188248167;0,17174246429577744;0,55618998227044;0,18949401821168832;0,17973844341705744;0,20993592678856232;0,6593330477306015;0,5297898232905746;0,18587633726990058;0,7175767021373796;0,41897626409415406;0,15870208358535468;0,7066476918804638;0,5504851850027151;0,5474431410503009;0,3502595856397737;0,7232636564940292;0,6803429489496166;1,9130336610577978;0,15584485825326327;0,7190634124520721;0,10827310884184946;0,5584970582467756;0,2035913699423959;0,5402688437561396;0,19644957891823514;0,5944162910559291;0,15626390792685613;3,9761604153203063;0,15443117959688923;0,7411309378011843;0,5914122934266098;0,18420807253067886;0,6835415889347667;4,159768062591656;0,1673004361983612;0,7595539887759682;0,11886485562677317;0,5669159158989688;0,2034681434600917;0,5447961871614994;0,1864099485440054;0,5307244233188247;0,1592614698842268;0,6436263243440951;0,10356022481069145;0,5346814765697164
2024-10-02 12:00:00+00:00;3,852637133495227;0,1630374569221946;0,6792712375499287;0,553757679383137;0,22521146889757204;0,6351636595339389;0,2219641136294151;0,22104165143844343;0,6932028926304165;0,18196360750784218;0,5037034349877938;0,6074788278336128;3,708136787316737;0,7841842066912574;0,7781346104320475;0,688567552219966;3,93755649573276;0,19904534353799985;1,3890510405154974;0,21657940662546346;0,23414414981188825;0,5819596496289624;1,8533859114507925;0,22849393081797456;0,6548047987771713;0,19695885770811972;0,7988129235857441;0,42819331628544444;0,3173451043994378;0,19597596133219847;2,050133689919532;0,18480809352542152;0,730812971720924;0,1210578222615415;0,6154999994753694;0,2102754119010949;0,6748036127890302;0,3988208127493049;0,20681637063451105;0,19828905411431366;0,7218290439753119;4,696014753502723;0,18163120189078336;1,6266154920733955;0,1469439437076432;0,6517332074930479;0,22226078838557323;0,21422140894594693;0,7061752264412136;4,68852084920023;0,7755772120056368;0,7240304388845811;0,7008116136904503;0,410639723188161;3,0461814061426757;0,43146828652839375;3,7381977518988765;2,2652053093611437;0,22453814455299997;0,6156944304469868;0,2163000555562992;0,6027478237214863;2,200055113938024;0,2130941774103136;0,6339546360952434;2,234760398803177;0,17791576033277343;0,6017347570512876;0,20903731983337331;0,19384831946605346;0,21530689585532897;0,6611742470201436;0,5794751081629386;0,19946321122990357;0,7324286479471126;0,42344855341591386;0,16315255133506767;0,7369915502055678;0,5268911223969597;0,561596361972573;0,3442052814655927;0,7582717649324222;0,7151432004631456;1,9573763793392878;0,17135329017875606;0,768024089203093;0,11245198589256444;0,6018406241276956;0,21845057071242388;0,6116987568135666;0,21109389336907214;0,6540757011096171;0,1867463558479951;4,288500048512072;0,17193855783152123;0,7942059659016343;0,5788061062234958;0,19347416133416687;0,7175907299308086;4,394612491572156;0,17499140945556912;0,8054485723876493;0,1175592174398582;0,5818699870907219;0,22644311969777975;0,5803088912344003;0,21454595592901138;0,5859957485579187;0,17601110083195579;0,7310894074659782;0,11700686561130255;0,5774361904178034
2024-10-02 13:00:00+00:00;4,218021366241716;0,1827022988988026;0,7403221684721227;0,46519962713303303;0,23351284198845604;0,7171674385530449;0,2479642003678731;0,24175648051420942;0,7605178016683594;0,20836084476996797;0,5049050469261859;0,6686298047322377;3,9886619827647967;0,8283527079310334;0,8578841068861204;0,7397345906343091;4,14046471954098;0,21611359161720287;1,5364652927479274;0,25617882883015547;0,26316381224984225;0,6822441365631884;1,9602172468742796;0,2603906558309086;0,7234311036989403;0,2062719254958237;0,7300347368374702;0,43797726635481843;0,3472079424628097;0,22581445077677248;2,145448655483542;0,19735980602836356;0,795943749936047;0,11764621635788247;0,6068164782173504;0,25996969040732787;0,7745348724335523;0,3365894498163219;0,20827383529833207;0,22151962070819264;0,7842292018661049;4,996926231227903;0,20660041844484334;1,7652636715349455;0,16308756798696916;0,6802741918948759;0,2691553565400582;0,2489233260522929;0,8138035162537587;5,0894297407252305;0,8154553301658828;0,7222290728311941;0,6726776156139578;0,42138163684327706;3,066139041440126;0,38509407603192974;3,5210327074190664;2,360072944447784;0,24976322068821297;0,6910642337871609;0,2441255023846367;0,6727273874623134;2,3928582107833;0,2392669964262596;0,7145965528527074;2,261371595767317;0,20117865834525642;0,6509435266818205;0,2320182353956903;0,22031583674881045;0,2757723517817825;0,7503690637253407;0,6891620118659056;0,2242753211173556;0,8594030808043065;0,4065148924337851;0,1789972845192637;0,7970176494220058;0,543518917819478;0,559201751361987;0,3334169583720167;0,7655136408541479;0,7767757003033786;2,1276258431900277;0,2014559742005069;0,8330399499638428;0,12676443961086545;0,6493456378567146;0,26142282965874086;0,6859437834161275;0,24827553160746013;0,7485521340521352;0,21250234917731112;4,646085847441632;0,17621467210357222;0,8494530014780864;0,5750553166328829;0,22593863102721085;0,7764278865629237;4,7495387153096855;0,20242769908217892;0,8876500902791703;0,1345465404214452;0,6262176184456179;0,2570398639202767;0,6808667300248054;0,24892222498717134;0,6545684017501218;0,18931786176803278;0,8156255894934101;0,12892716585547154;0,6448825894390084
2024-10-02 14:00:00+00:00;4,580781661872767;0,1988494458046586;0,8116733846074516;0,454731582381298;0,25768874945229503;0,7789870194922549;0,2695303547397551;0,26998586287491944;0,8736271483394854;0,2237802449359509;0,6066948183225198;0,7516166830942708;4,348225963920337;0,8987797109569065;0,9476801998666902;0,7911028709302601;4,30039653662282;0,23187674367624386;1,6807285404239574;0,28911491931082345;0,27460863691433224;0,7136558172756645;1,9810497980650712;0,28943620334449055;0,7545221277619714;0,2081937152397997;0,5990842847494703;0,4059865790808034;0,344779202232737;0,22327480680436346;2,2502445260467123;0,19942696835351556;0,8306589837643288;0,13147499483674846;0,6687889213960916;0,28218596464256585;0,8965728249333291;0,3204004921821019;0,22159298023328106;0,23615948357153366;0,8339618886961839;5,317735672279353;0,22561259560841834;1,8968346732974155;0,17753186339478516;0,7589784497910809;0,2856304829918852;0,2651783997245289;0,9073401998004548;5,40448753028491;0,9101747697707248;0,705080794197543;0,6699251674556076;0,41535509991376607;3,2465142759786763;0,38954922505241374;3,4407773320875967;2,618214532258294;0,2796728892048939;0,7769708792320589;0,2858750643511363;0,7784655123178164;2,635220443021767;0,2800820425570726;0,8232559727890535;2,3519335746250665;0,2264565676089244;0,7526007484052119;0,24274026547549332;0,23338890556055744;0,29911854020323636;0,8651769023262247;0,7570412136491727;0,22988457218368058;0,8849351827393706;0,3877217480704901;0,1892540618947717;0,8478824639857088;0,4982118602205923;0,5379778767213911;0,2913861653291167;0,8201068367912425;0,7844652129767916;2,2512611418758475;0,20387551660824277;0,8700669934119261;0,13637131940512245;0,6527938371523446;0,2729833718048608;0,7546131988140807;0,27277359549880015;0,8157400716235841;0,21829481725352312;4,906741986888131;0,19145145335138022;0,9024903933340763;0,5931679821711529;0,23796738942501483;0,8360731487454737;5,1090702968335755;0,22360302505753488;0,9449699832892274;0,13945817127320415;0,689717064438385;0,2728989014020577;0,7131308606885574;0,2722801001878363;0,7139051819362178;0,2081298736049638;0,8507010633116641;0,12962525959834054;0,6650024547792854
2024-10-02 15:00:00+00:00;4,989104666465726;0,20948008895795162;0,9029335705599867;0,42911030660786903;0,2631461112500411;0,815391499064748;0,2930178798038201;0,2895512871314384;0,9563877564430774;0,23318528558489326;0,7109977323592318;0,8211264165926527;4,955189182547307;1,0293931087798216;1,0641826762929312;0,8723517006108301;4,694938461923511;0,22113917276851883;1,7935638152129374;0,2653211794778095;0,2891309783641433;0,7593772863849003;2,142811996010154;0,2841293130115466;0,8381039260651904;0,21564819115253572;0,5544411179505393;0,4400025589110354;0,31349276136538623;0,23208951244135545;2,4400760775883823;0,22406900030004054;0,8957974932473879;0,14377126786720848;0,6904378493479674;0,27287982471053684;0,9704637450163492;0,2948839504011759;0,23340677237974006;0,24009695043729368;0,8796643911744779;5,756158694399213;0,22216684372395734;2,010017098336985;0,1732079482946852;0,7795869806056899;0,27911314707641316;0,28573853523082887;0,9891429217927737;5,916284489214169;0,9670442385722158;0,679145560884656;0,5834828969694194;0,40004686242713;3,3788069456425163;0,3612032955941908;3,4718301553245965;2,783740242540554;0,279723612032749;0,7923149178024177;0,29099806134573;0,8206073857430285;2,8249288401343238;0,29198277386351357;0,8613591220366383;2,454063033244257;0,23523067784710344;0,7869356484926248;0,25392934062666234;0,24698973678192046;0,30858854950952463;0,8161482138182297;0,7450408898830496;0,23501668579006857;0,9381308212901266;0,3621306724248653;0,19665870683173167;0,8895504562951468;0,5034865703343157;0,577780832193874;0,3073811386395207;0,9047994541541197;0,8555894775694617;2,4758574476160775;0,2140743970631011;0,9316407542689279;0,13868006667925545;0,6839007845106876;0,2643862751089099;0,8524082120443865;0,2850959343942961;0,867987414090653;0,26183800700807214;5,2036988066887195;0,20711690634520025;0,9780832855342714;0,594518950458348;0,23559663640935588;0,9100800749944646;5,512918610095555;0,24062207827224574;1,0189420748929752;0,1424727110082572;0,7933196181380848;0,28408699330163273;0,7654661028987914;0,2851803616825084;0,8060034983636287;0,2552320409677168;0,86414542881399;0,12953060281964654;0,6326380213424174
2024-10-02 16:00:00+00:00;5,534143501654675;0,2172816890941486;0,9886980643630657;0,45662707488365806;0,27249693054633606;0,8728886591415609;0,28394679317053007;0,30580642550852344;1,0285708098747104;0,24963793543371376;0,7432488968594698;0,8394898975361328;5,608988866283017;1,1154659465280676;1,1441242913173755;0,865050877347772;5,100988005376;0,23099720426995685;1,9657977242650975;0,28146385348441644;0,3085782776643923;0,8144676182409993;2,5202488598491364;0,3155805789611596;1,0015474463805942;0,2317263035546867;0,6025220119248572;0,4966392695713684;0,40985056842855017;0,25413727799056246;2,6351784674774223;0,22634318240577256;0,9872756962905029;0,13353161956380352;0,7307419455932604;0,31440388649549883;1,0519480597584483;0,35314736810034186;0,2597920880258461;0,25361461084818665;0,9526545266148309;6,3051530413943135;0,23057975948236334;2,139729440016565;0,17797030233850114;0,7792618128561619;0,2829718530433652;0,2936387925240979;1,0833779337263227;6,611136701969359;1,0538455367963009;0,7268081332356621;0,609165997151765;0,435712188397521;3,5124634042062666;0,42300227655850975;3,454481751911336;2,9987438292520943;0,298515612064521;0,8278529854425979;0,3020509948455881;0,8527612404505864;3,208492961776218;0,31507838037634556;0,9450058485778383;2,680797623594237;0,23836448111686645;0,8099918664694924;0,2632152240094433;0,25858558466272347;0,3015473599187981;0,8713667027011638;0,8582588623048116;0,24219010119078657;1,0334793259827726;0,362205360815967;0,19092774207415067;0,905702141680849;0,5678218902340794;0,5847412861701681;0,32292659848769273;0,9320288391583322;0,8640654012781557;2,650825580497958;0,20724382253608267;1,018624693848718;0,13527166174391644;0,7115744958297486;0,2917852084793939;0,8948332571219706;0,2964870689432041;1,017207209105515;0,24376838623113012;5,8956835151253415;0,20052172336946122;1,0750352416760274;0,609670316312237;0,24301652429918785;0,9598447078861677;6,042994182915065;0,24247330707218004;1,1009009282560562;0,1572613720116992;0,816416563132061;0,2897413438171477;0,8413698055748033;0,3076408103322994;0,8784187211497427;0,2568722260636948;0,912906402771119;0,12054143577935356;0,6289005104031304
2024-10-02 17:00:00+00:00;5,702779942815887;0,2132221294823126;0,9559395664785837;0,48367264728315507;0,25681078927815104;0,7368261019569229;0,26902537910911706;0,2876356124326924;0,9773332671195313;0,23145908858595232;0,6676372782747538;0,8069865641403148;5,651236802583297;1,0564953127565697;1,1159602161446975;0,8342105589892791;5,32228187592738;0,21386123500072685;1,8817252587418873;0,2843098834127565;0,31147948747562526;0,8397159324966612;2,7381889715598464;0,31215790861780957;1,0322099672234324;0,23492928646131475;0,6201835126127082;0,5085259498535234;0,3936370863523305;0,23291462169596946;2,668233387145792;0,23525171102817455;0,9606499458166778;0,11900844342313048;0,7391277091338945;0,32213296093338484;0,9932877707640895;0,4081872348591478;0,23412613529595505;0,24043409908713767;0,9315157799446789;6,455422344677264;0,23816013999292734;2,1170600480616355;0,16826215542844117;0,7374763907907957;0,2749675590316842;0,2844084912693109;1,0233484302552678;6,7006619301143795;1,0057835574144127;0,719901215691655;0,5613221605144738;0,426258698064161;3,4035095370369963;0,4517285236160417;3,4377358048539772;2,994146596441654;0,28538841498562695;0,7970270164151309;0,29785447240760105;0,8115830806997274;3,4700106444800065;0,3110471125974526;0,9564141036578884;2,596708638592637;0,23746125596121542;0,8024345187220226;0,2502461055877164;0,24398770577368348;0,279460077156668;0,8352709287191787;0,7970890703642326;0,2436051600689486;1,0476673264846534;0,38214458565743764;0,1856378739722367;0,8664735739497278;0,5920862586494399;0,632579887696584;0,32081773818773374;0,8904689649812663;0,8678156439950205;2,7431226606526278;0,2053567360336087;1,0260783652564571;0,12927514666581846;0,7085402799596786;0,28795756851785387;0,8560607691696606;0,29726871533593013;1,0343457043775341;0,23569991014409314;6,144519951439355;0,20817949726331725;1,0549171833739766;0,605888175136897;0,24351497715304884;0,9398110247429077;6,395332317499536;0,2311574322684723;1,1053884762442243;0,1460529883283282;0,840969931743676;0,29720908452324574;0,8114165095647323;0,31803797746552437;0,8846138244338887;0,2605763107387798;0,911387106625554;0,11966155799558455;0,6563868892398784
2024-10-02 18:00:00+00:00;5,254161891856256;0,18136975977759362;0,8364536500851498;0,40546484081571305;0,21055062087264403;0,6326724622131488;0,2404449900628851;0,24249209959852747;0,8520305897472144;0,1984673908727627;0,569017663946642;0,6987178442243567;5,111228820114727;0,9217809690397487;0,9352267317457013;0,713795028098111;4,73444310183711;0,21127445275448384;1,6359183244650974;0,26105649223575145;0,27017245087324826;0,7364142269859524;2,6298378498270045;0,2898906434373096;0,8879554546388101;0,21009252394050074;0,5886292437800352;0,43356331993082636;0,3618460254709182;0,18634122403600445;2,4953405729578626;0,21589809347648053;0,8616676268488469;0,10415799464532847;0,6576747909450895;0,27380062746679384;0,8335195905299753;0,33212955704943786;0,2016319606160611;0,20865283771971965;0,8174055193258098;6,0019765105075935;0,20338315199405632;1,9028387350692855;0,15974232924169318;0,6439701690358368;0,24603720573769217;0,2506584983469189;0,9068140942927877;6,22917160502688;0,8635018156794908;0,618092766963227;0,5452822528312985;0,415737837429935;3,2884675103636365;0,42493541163702775;2,9829105016125266;2,915494655268204;0,24851776526541397;0,6982726510393028;0,25909500290487647;0,7164753098514903;3,3473689352855422;0,28387209731923757;0,8534027518998275;2,440697499633877;0,20700058039568742;0,7083690484569997;0,2156505699003734;0,2162823813373615;0,24535458639088994;0,7562249678560647;0,6285952703295096;0,2250978060533366;0,9695133028417815;0,36193493733226084;0,17005319030891872;0,8033282003865068;0,5413184898477853;0,599260846775403;0,30863463903705973;0,8013060432595626;0,7923375000804276;2,6204451577941783;0,18881145049187809;0,9335780254690191;0,12093963483099746;0,6369560616026078;0,2655086355122339;0,7510468772977456;0,26794593540542316;0,8816635870855021;0,21426334807619712;5,817067911262274;0,18540612141381224;0,9611583654459266;0,5455734264160639;0,21444811614026985;0,8667178558775207;6,097869985880997;0,20565273745662624;0,9959681598205313;0,12678985733427717;0,755396467837412;0,2686684677609377;0,7228457858892652;0,28348643117718536;0,7927955016125496;0,23099375010492176;0,8474361299199782;0,11112201065408754;0,6229711301452514
2024-10-02 19:00:00+00:00;5,541304910720169;0,1493737256988716;0,7947153777951188;0,3784621044049711;0,17216552577608005;0,579269583914579;0,19167173403053406;0,20303941773610143;0,7218210065837933;0,15501448090684067;0,5148501968778089;0,6036468309564047;4,996091913033507;0,8231355855324496;0,7733513018680909;0,736455379973521;6,41549539176251;0,18538322049796785;1,7092304758241275;0,1942692046795595;0,22900739084406527;0,6708703890330754;3,2923140796744863;0,23836737528521856;0,8066338280729961;0,17999597513983376;0,49461426207297515;0,4195262554933974;0,37040405270027477;0,15253628630796445;2,8153646030121124;0,16338367107179155;0,8448499101458429;0,0847390130768915;0,5616446905922414;0,20325928734788784;0,7858723542974864;0,28219040944927387;0,1712188372668671;0,17975563665509067;0,8979991986001737;6,783632443454084;0,17399814659461335;2,0018726289491053;0,12386492087265716;0,6830558790294938;0,20031785995628518;0,2032610313504099;0,9342006777075077;7,268418770061391;0,9084309348966346;0,5576955653904541;0,46100216190057497;0,389627054602454;3,194582223944997;0,4206590294143757;2,7898203150049268;3,431466282880584;0,19941451407349994;0,6340768454184749;0,2168930492054613;0,6364645257085075;3,858882806393157;0,23263192368156857;0,7535851740661884;3,152906629194777;0,16673538498720242;0,6088735263585293;0,1812915982868064;0,18104206795040548;0,19751834181656064;0,7293558600892787;0,5478244438682927;0,2022057896538606;1,1766889240410883;0,3543875466838803;0,1432765019495787;0,8285534080002867;0,49948228274944384;0,52102498667729;0,30277298348954973;0,8620091974165031;0,8510744681577277;2,776900926830828;0,17411018523503055;0,9798835408838873;0,10244118653666676;0,6482765963200285;0,22707756635354692;0,6470630218659285;0,22831719930777214;0,7743145097077861;0,20620594745393214;6,377996568104271;0,15599363509516023;0,9615297757530415;0,5456817318905679;0,17133772034442385;0,8742854958619477;6,526828305874777;0,17286339554982783;1,0100488127279494;0,10463258117388718;0,6384584379300079;0,22098077162831076;0,5856986247381273;0,22365716234598138;0,6448929583624468;0,17948738202148778;0,8325767627007681;0,09728060806051415;0,6111967650378004
2024-10-02 20:00:00+00:00;5,143940702315308;0,12080221305703262;0,6869816565228918;0,3477219279754501;0,13954695039277804;0,5298693243693648;0,15342906736880307;0,16539513278929044;0,6255570761071502;0,13050565731682234;0,40309029399266577;0,5135631975120898;4,784220938094877;0,7173685256650437;0,6941249005313666;0,609087974081991;5,6272435401669405;0,15320896672221485;1,3879232740010174;0,1585122618064945;0,17787080403287028;0,5570264958938443;3,383841029213793;0,18812300573426555;0,6492488768457572;0,13630613924125973;0,47761477212041126;0,38576045886128546;0,31380866169949156;0,12407636401802247;2,762028247411722;0,14058053330526254;0,7776309532757109;0,0738738030538052;0,5382998382500525;0,16063782054165582;0,6715856268307454;0,2734259757680529;0,1363687750625251;0,15125998890279363;0,8295837874656579;7,000059107825942;0,14238848661342135;1,9371835409487252;0,10721129635075717;0,6118250143682329;0,15568497352884117;0,15986796490930988;0,8534367978312196;7,2442738824588995;0,8909143421209468;0,5265519030183871;0,41677692843678066;0,361677110641169;3,1727152841876762;0,38140131482573075;2,5721580978042566;3,359399909369474;0,15645163273001794;0,5042397468122768;0,17042138516552208;0,5078274006660574;3,692471734795085;0,1773256784911386;0,6065611345009264;2,750382307547797;0,13262570134952342;0,48833440317043275;0,1491482181984874;0,14814169698550145;0,16186852108953897;0,6476498591472337;0,4683545374613646;0,15549441711422357;1,0756398530320712;0,3145284129653256;0,11713475869325465;0,7581444577062206;0,535973590644144;0,574867984958609;0,2798914639377467;0,7929896161035429;0,7635139724350268;2,7737470163760976;0,13997949806485385;0,9229570242046551;0,08697836278928997;0,6390725310834827;0,1766242463377399;0,5470086356814237;0,18006297318598713;0,6651866080536452;0,16136139058857116;6,476465888550999;0,13095723596459022;0,9185511654412006;0,48288735783247594;0,14097616548118785;0,7976691439646937;6,618535887237907;0,1382368748654043;0,9041870668665533;0,08527710871451208;0,531793340349118;0,17074570127085173;0,4936770465955083;0,17293981316564638;0,5600849183450477;0,1375472416413558;0,754000896321324;0,08983821883569804;0,6055036919231794
2024-10-02 21:00:00+00:00;4,4707274995885475;0,10423426091484962;0,5820949198499258;0,33465159690691515;0,12570186716116605;0,4566233012008609;0,1312347725783231;0,14616929066425946;0,6057255967045083;0,11047960669626766;0,3639573555608458;0,46043560692130675;4,620980742161897;0,6792929986275267;0,6556667464622556;0,534054422514579;4,78384388693727;0,13174469373973186;1,2273881844452177;0,13077407935545748;0,14715615078462324;0,43957613104446835;2,8432198014997447;0,15445159479662857;0,5290890952005012;0,12594969348429572;0,4421404540052132;0,34188606967652435;0,28282581336008705;0,10764858439510046;2,4632654502325924;0,11546982314581054;0,6887938513353729;0,0645293557298495;0,4901278179726175;0,13203671538611186;0,5613548072003023;0,24671840311759688;0,12188700270155006;0,12734390298470166;0,6889561923973869;6,500862538937772;0,12661419852154335;1,7312961056418152;0,09404603317185227;0,5723075690432728;0,12996287079772817;0,1349317076403299;0,6545599328083077;6,33037467582147;0,7581864415616557;0,4876157691298171;0,37247470341569655;0,36567679922040497;3,2148229097688463;0,36303039742497667;2,619149693563527;3,266809360947624;0,12680365824671194;0,43558150707429477;0,13781702218431507;0,4405900323373214;3,7114648971409383;0,14484528346279757;0,5401464877257304;3,173823988970657;0,10997474127602642;0,4157995402224065;0,12651743322709244;0,12766031703494246;0,12998752753596285;0,5238204620240297;0,4159346655361016;0,1340424708307286;0,7917640781717332;0,310612319676906;0,10597823192061555;0,6985151663590278;0,47870280265323;0,484045527297887;0,2671304189070597;0,7492292665011868;0,6840870376918138;2,7659870765493477;0,12863422415596432;0,8492040562051961;0,08594365254658567;0,5841989448963025;0,14838349338727588;0,4543035760662517;0,14299685071089213;0,5565816519590301;0,1155837258160951;5,595597706914788;0,12048280759752723;0,7597309256175484;0,45985291821988994;0,12226011392288885;0,6572168193616197;6,115718914932398;0,12395806713116127;0,7669901482021513;0,08186631889408498;0,50644782698616;0,1390084868229497;0,4393920154256304;0,1351952390934994;0,5149249285664078;0,11783597356361679;0,7068132149161;0,08132811012153154;0,5304077058893444
2024-10-02 22:00:00+00:00;4,271936574189698;0,0976967569751361;0,5595707742291047;0,3207245460633021;0,11400092355759506;0,38173375400510795;0,1175573228753111;0,12793077876485143;0,5397235505530383;0,10363415104947417;0,30994706185059184;0,4020210979567418;4,110789723210667;0,6254800841623317;0,6504734798431097;0,45535594667994206;4,196082898303841;0,11921292932830986;1,0803363331587374;0,11325532846844345;0,13126001142780824;0,3651454346210533;2,503741615903659;0,13309521020597057;0,4878014707230152;0,11305199737636672;0,4061979997272052;0,3393425404956284;0,28112323363774305;0,10026739563062145;2,2064997965668423;0,10612600659767155;0,6162621139337507;0,06285295775669039;0,4629833182368675;0,11496795463793286;0,5063090133627853;0,2251568605827759;0,10978764369211706;0,11590622042371465;0,6087957441189649;5,948196245810022;0,11123072406029715;1,4855860027024452;0,08647565407701527;0,5041780942619649;0,11611939033661217;0,11884987499578689;0,5696420168118737;5,8361738419920295;0,6908607601206869;0,4510680085975871;0,34214644596835203;0,372946152859685;3,1878044504311362;0,35038001755485276;2,5537744053134066;2,650896678237974;0,11391332363225193;0,37611563557526184;0,11932095743055202;0,3723866206363924;3,4366107231646383;0,12098082750808858;0,4880227373721414;2,7576344580718173;0,09866724510626443;0,36744329328784125;0,11324710477641944;0,11501830533731044;0,11243876332139911;0,43400396231174065;0,3288374989857926;0,12128289166013356;0,6795505114474242;0,29538173747553803;0,10053072479830925;0,5998019757096708;0,41850512960884906;0,452033991424028;0,2605932088420237;0,5972132319474655;0,5880217785254637;2,4560981555701575;0,11322329077450226;0,7142006001836312;0,07861527054387288;0,48172391510587764;0,12755755598600788;0,4040406508485026;0,11895377818540614;0,5074832241552201;0,10525308604919814;5,241366235066687;0,11635829471991324;0,7009518480914896;0,45020339781992696;0,11005791181817885;0,5845309776051216;5,694404646462677;0,10973278249933321;0,7028729935123503;0,07522124002872187;0,460397396283876;0,12117109502368172;0,37879754103027735;0,11708321282029037;0,4607879834667428;0,10043338363559781;0,6067785849149481;0,07435946782680797;0,4356290671173244
2024-10-02 23:00:00+00:00;4,215944516824467;0,0963314574665795;0,5397006006845088;0,3289651193998341;0,11333253993888005;0,3760059703660119;0,10864635046636908;0,11473609181492943;0,5051541264893653;0,09801311453234797;0,31989428501225886;0,40024954582059774;3,9402112706791574;0,6112148855348707;0,6338089742425733;0,44334141934351806;3,9158120059600385;0,11054796126106187;1,0121403606136583;0,10323187810198046;0,12597603904597726;0,3455975095569844;2,295853694754888;0,12258498610769554;0,4756252538547033;0,1061469375765619;0,4003250187755823;0,3246204506347724;0,29524028622514054;0,10087452105727346;2,0169710874636526;0,10277726434053855;0,5734237423941247;0,06185582125499171;0,4370427953583675;0,10399200853403386;0,4815234909542763;0,2452813984815319;0,10308059415683826;0,10953015883737466;0,5746021933517519;5,5621209953071835;0,10567263374131425;1,4171719786307473;0,08043930733237667;0,4585043217127499;0,10874069808365118;0,1081813298540939;0,5838010351799466;5,42108576271432;0,6688942644720909;0,4310169687648021;0,3329074591428099;0,340787400342033;2,955759628892467;0,34133564441550973;2,3870051274582065;2,410645038273274;0,10715955092124094;0,3515848926821929;0,10808827661824205;0,35084546194329536;3,266296718511512;0,1118150546529616;0,4694699644854353;2,296014099923357;0,09308141314863012;0,3473206700087195;0,10705311305984143;0,11063336084870845;0,10712135091705373;0,40051575899887865;0,3300511853338206;0,11523113407854359;0,6725867466222631;0,2800390235414467;0,09616437995971067;0,5724130517695897;0,3903312288806111;0,435128755322426;0,2501901830017897;0,5683912849657864;0,5463628667033626;2,238296819328738;0,1116676397445874;0,6854174543792811;0,07523711509112299;0,44215108982403467;0,11764789323538488;0,3681356830997076;0,11025914726856714;0,4704948305811311;0,09673882250505252;5,072447768162009;0,11444569679540423;0,6847682075593705;0,4467194040679399;0,10710868609114135;0,5552069183877476;5,5029430257902066;0,108173492991187;0,6952452833793223;0,07528552839065608;0,42708053652548394;0,11299519339712072;0,34797454094988733;0,10601839184191239;0,4247834797367178;0,09248082419526729;0,586731864302919;0,07274145874863905;0,4451380883156994
